"Provincia","Regione","Sigla Provincia","Alunni Totali","Percentuale Alunni ITA","Percentuale Alunni NITA","Totale alunni Femmine","Totale Alunni Maschi","Media Alunni per classe","Totale Classi","Percentuali Alunni Femmine","Percentuali Alunni Maschi","ATA titolari","ATA supplenti","Totale ATA","Percentuale ATA titolari","Percentuali ATA Supplenti","Docenti Totali","Docenti titolari","Docenti Supplenti","Percentuali Docenti Titolari","Percentuali Docenti Supplenti","Posti vacanti per Docente Normale","Posti vacanti per Docente Sostegno","Totale Posti vacanti","Punteggio Invalsi Inglese Listening","Punteggio Invalsi Inglese Reading","Punteggio Invalsi Italiano","Punteggio Invalsi Matematica)","Participation in life-long learning","Participation in the school system of children aged 4-5","People having completed tertiary education (ISCED 5, 6, 7 or 8)","People not in education, employment, or training (NEET)","People with at least upper secondary education level (25-64 years old)","Average annual per capita amount of pension income","Average annual salary of employees","Average disposable income per capita","Bad loan entry rate of bank loans to households","Brain circulation (Italians, 25-39 years old)","Burglaries reported","Deadly crimes reported","Electricity from renewable sources","Employment rate (20-64 years old)","Hospital patient emigration to a different region","Inadequate level of literacy (students in grade 8)","Inadequate level of numeracy (students in grade 8)","Intentional homicide rate","Irregularities in electric power distribution","Life expectancy at birth","Medical specialists","Municipal councilors under the age of 40","Municipal waste generated","Non-participation rate","Overall Fixed Very High Capacity Network (VHCN) coverage","PM10 Annual average concentration","PM2.5 Annual average concentration","Paid days in the year (employees)","Pensioners with a low pension income","Pick-pocketings reported","Prison density","Road accidents mortality rate (15-34 years old)","Road mortality in non-urban roads","Robberies reported","Seat-Km of public transport networks","Separate collection of municipal waste","Separate collection service for municipal waste","Soil sealing from artificial land cover","Spread of agritourism farms","Urban green","Voter turnout (Regional Councils)","Women municipal councilors","Youth's employment rate (15-29 years old)","Youth's non-participation rate","codice_provincia","provincia","anno","Pop25Y0","Pop25Y1","Pop25Y2","Pop25Y3","Pop25Y4","Pop25Y5","Pop25Y6","Pop25Y7","Pop25Y8","Pop25Y9","Pop25Y10","Pop25Y11","Pop25Y12","Pop25Y13","Pop25Y14","Pop25Y15","Pop25Y16","Pop25Y17","Pop25Y18","Pop25Y19","Pop25Y20"
"Torino","Piemonte","TO",89889,87.79,12.21,44502,45387,19.309073170731704,4463,49.50772619564129,50.49227380435871,6246,2738,8984,69.52,30.48,12136,8240,3896,67.9,32.1,534,"93",627,216.09184602343777,203.32374450665725,183.27374921272624,191.49339529867174,12.8,93.9,33.1,12,70,23955.5,26426.4,25852.9,0.5,28.5,262.9,1.1,31.2,70.8,3.9,35.6,39.3,0.4,2.1,83.4,33.9,19.6,504,10.7,74.3,35,20,82.5,6.7,472.9,133.3,0.4,2.8,86.4,4592,64.1,40.6,8.58,3.6,27.9,,35,35,19.4,"ITG14","Agrigento",2025,2967,2976,3116,3029,3066,3184,3312,3347,3336,3391,3556,3473,3767,3835,3957,4028,4196,4463,4501,4641,4636
"Vercelli","Piemonte","VC",7005,88.67,11.33,3340,3665,16.14404761904762,405,47.6802284082798,52.3197715917202,490,327,817,59.98,40.02,1130,762,368,67.43,32.57,92,"17",109,204.28617698863252,196.37036029983324,175.8559783060945,181.5633414815645,13.5,96.7,29.2,11.2,62.8,22362.5,24671.4,22579.9,0.7,-24.3,184.5,2.4,44.2,71.4,8.7,41.2,48.8,,1.5,82,26.8,19.9,496,10.5,56.3,22,15,82,5.8,130.2,138.5,1.9,9.2,24.7,391,70.1,85.5,4.99,1.4,32,,35.7,42.2,16.3,"ITC18","Alessandria",2025,2104,2262,2380,2315,2460,2536,2668,2855,2914,3014,3092,3156,3311,3401,3468,3552,3596,3593,3622,3558,3648
"Novara","Piemonte","NO",14045,88.02,11.98,7017,7028,18.325238095238095,739,49.96084015663937,50.03915984336063,993,498,1491,66.6,33.4,2013,1383,630,68.7,31.3,166,"31",197,220.3815389582295,206.23029578818347,182.12646313577198,192.84420909582124,13.6,94.3,32.1,14.2,64.9,23481.5,25246.5,21826.6,0.6,2.1,232.1,1.7,15.7,74.8,14.1,37.9,40.8,0.8,1.5,83.6,33.4,20.1,504,8.8,43.4,24,16,83,5.4,218.6,113.5,0.3,3.8,37.2,2395,80.4,100,11.2,5.2,14.3,,27.7,40,19.9,"ITE32","Ancona",2025,2535,2778,2718,2927,3039,3128,3246,3378,3628,3824,3863,4010,4165,4280,4462,4587,4672,4558,4463,4453,4606
"Cuneo","Piemonte","CN",24907,90.16,9.84,12752,12155,18.235603864734298,1271,51.19845826474485,48.80154173525515,1746,1005,2751,63.47,36.53,3428,2433,995,70.97,29.03,107,"47",154,222.75090571516625,207.9683997235585,186.6787518810055,197.02065235704526,9.5,96.4,23.2,7,63.2,21412,24153,25132.6,0.4,-14.2,294.9,2.2,45.7,75.1,3.7,33.8,34.6,0.5,1.6,83.2,24.6,21.5,515,6.3,50.7,22,12,81.3,6.1,40.8,70.9,0.7,4.6,14.8,2781,71.6,85.6,5.33,6.4,32.5,,30.4,47.4,10.9,"ITE18","Arezzo",2025,2024,1983,2045,2237,2226,2272,2284,2457,2613,2575,2731,2709,2900,2997,2973,3017,3107,3178,3126,3142,3286
"Asti","Piemonte","AT",7341,85.18,14.82,3413,3928,17.901739130434784,369,46.49230350088544,53.50769649911456,568,314,882,64.4,35.6,1024,671,353,65.53,34.47,70,"17",87,216.63061718576552,206.35480506826576,182.12628245629173,192.30104193371375,7.2,93.9,24.1,11.1,61.4,21763.2,23558.9,20783.2,0.9,-15,301.6,2.9,15.4,74,5,37.2,42.1,0.5,1.3,82.8,20.2,20.1,442,9.6,53.8,31,17,82.5,5.9,82.7,127.3,1.3,10.8,15.9,1469,68.9,87.4,7.27,18.8,28.2,,31,39.6,20.9,"ITE34","Ascoli Piceno",2025,1135,1194,1208,1260,1298,1273,1352,1432,1547,1575,1696,1688,1679,1717,1775,1792,1886,1788,1836,1843,1951
"Alessandria","Piemonte","AL",15306,85.4,14.6,7770,7536,19.284772727272724,744,50.764406115248924,49.235593884751076,1098,514,1612,68.11,31.89,1908,1305,603,68.4,31.6,177,"25",202,217.63818344874102,208.7217501376495,184.117699313229,189.794792864566,6.9,96.6,22.6,15.9,63.8,22304.1,24681.8,22089.9,0.9,-14.7,343.8,2,22.1,71.2,13.3,40,43.5,0.7,1.3,82.3,29,17.6,484,8.9,49,30,16,83,6.3,162.1,96.2,0.3,2.7,34.4,1047,66.1,59.7,7.14,7.7,27.3,,29.6,37.8,22.2,"ITC17","Asti",2025,1215,1200,1257,1315,1349,1409,1401,1573,1644,1643,1684,1764,1834,1798,1806,1890,1950,1940,1931,2030,1969
"Biella","Piemonte","BI",6135,94.18,5.82,3128,3007,16.010370370370367,338,50.986145069274656,49.013854930725344,441,308,749,58.88,41.12,947,673,274,71.07,28.93,44,"4",48,223.24020146320476,208.810327743603,190.84911333309498,196.59170984649202,14.5,95.7,29.3,8,62.7,22156.4,24889.8,23666.2,0.6,-13.3,136.2,1.8,21.7,75,9.7,33.5,37.1,1.2,1.8,82.7,24.3,19.3,519,8.2,64.5,19,12,84.7,4.9,57.4,93.9,0.3,7.8,16,401,72.7,80.1,7.94,6.6,20.5,,34.5,42.7,15.3,"ITF34","Avellino",2025,2442,2580,2615,2600,2655,2804,2916,3109,3108,2988,3094,3223,3323,3368,3571,3676,3740,3862,3905,3955,4155
"Verbano-Cusio-Ossola","Piemonte","VB",7124,92.97,7.03,3420,3704,18.00766666666667,391,48.00673778775968,51.99326221224032,,,,,,,,,,,75,"13",88,220.91135399685976,209.659592931064,186.38480933764248,195.51003628132423,9.4,97,23,16.3,57.6,20849.7,20722,21076.9,0.6,-5,82.5,3.9,211.4,72.6,16.1,34,39.8,0.6,1,83,27.9,21.8,584,9.3,32.1,16,12,77.2,8.9,45.5,134,0.7,4,15.6,1491,73.7,89.6,2.79,1.9,111.1,,35.4,41.3,18.3,"ITF42","Bari",2025,7916,8398,8708,8708,8646,9163,9628,9954,10165,10213,10568,10600,10985,11470,11714,11613,11850,11961,12186,12392,12687
"Aosta","Valle d'Aosta","AO",,,,,,,,,,,,,,,,,,,,,,,239.40626546426574,218.40008463423075,196.08599128764627,198.592326919284,11.7,95.6,31.7,9.9,63,23366.4,19918.3,25151.3,0.3,-13,139.8,0.8,293.3,77.3,18.6,29.9,36,,1.2,83.2,29.4,21.3,621,6.7,51.3,16,11,70.1,6,17.9,72.9,0.4,2.6,13.8,789,69.4,80.6,2.16,1.7,19.5,,31.4,42.8,15.4,"ITD33","Belluno",2025,1078,1076,1145,1234,1239,1217,1324,1339,1367,1442,1467,1500,1598,1708,1735,1715,1804,1734,1823,1814,1889
"Imperia","Liguria","IM",7851,84.23,15.77,3915,3936,18.701333333333334,401,49.866259075277036,50.133740924722964,616,212,828,74.4,25.6,1083,742,341,68.51,31.49,79,"9",88,213.60424840948573,202.35601263257223,181.66833762811325,183.339699069766,5.3,95.1,18.9,15.2,58.8,19763.8,17682.2,21051.3,0.7,-27,190.1,3.4,10.4,67.3,18.5,43.4,46.7,0.5,1.7,82.3,23.9,20.7,559,11,33.7,,,73.2,8.9,102.5,116.7,0.5,5.2,39.3,753,55.3,41.7,6.38,20.8,6.6,,38.2,39.9,22.2,"ITF32","Benevento",2025,1620,1682,1810,1657,1819,1998,1907,2054,2061,2042,2007,2180,2143,2279,2320,2398,2420,2575,2574,2591,2714
"Savona","Liguria","SV",10749,89.49,10.51,5332,5417,18.96785714285714,537,49.604614382733274,50.395385617266726,748,260,1008,74.21,25.79,1535,1050,485,68.4,31.6,102,"2",104,213.14933509718801,204.70878232412375,181.09224280568952,189.861757872543,13.9,96.1,25.7,12.5,67.1,22245.5,20107.8,25179.3,0.8,-16.2,287.1,3,23,69.1,18.8,39.7,42.4,1.1,1,83.2,31.5,22.2,581,11.3,30.4,16,11,74.6,6.5,218,,1,1.8,38.5,2648,61.7,51.3,6.72,11.4,5.9,,35.4,35.6,22.5,"ITC46","Bergamo",2025,7378,7481,7701,8026,8101,8705,8960,9536,9836,9964,10539,10651,11109,11522,11747,12104,12010,11911,12050,11857,11939
"Genova","Liguria","GE",32054,86.62,13.38,15513,16541,18.709928571428563,1568,48.39645598053285,51.60354401946715,2041,808,2849,71.64,28.36,4240,3027,1213,71.39,28.61,222,"20",242,209.940736319216,198.80065834305225,178.55562089971951,185.725311310584,14.9,96.3,34.7,9.7,75.3,24506.8,25579.5,27105.5,0.5,-0.9,167.9,2,4.5,74.3,11,39.3,44.2,0.9,1.5,83.3,49.8,27,507,10.3,73.6,22,12,79.4,7.5,316.2,129.7,0.3,1.8,78,4747,52.8,19.3,8.03,7.9,24.5,,40.1,41.4,20.3,"ITC13","Biella",2025,800,866,883,912,947,1001,1058,1010,1177,1140,1225,1230,1335,1294,1383,1409,1439,1523,1500,1508,1481
"La Spezia","Liguria","SP",8653,87.55,12.45,4229,4424,15.976521739130435,438,48.87322315959783,51.12677684040217,634,173,807,78.56,21.44,1062,782,280,73.63,26.37,52,"7",59,213.3305150541625,209.476613851735,177.39926129259902,190.56584535826727,13.3,96.1,28.4,11.8,74.7,24048.2,21891.5,21205,0.6,0.2,179.1,1.4,5.6,72.3,23.1,39.6,44.2,0.9,2.3,83.4,27.7,22.3,552,10.1,39.8,20,11,78.5,7.2,182.3,100.7,0,4.1,34.4,3589,76.2,95.4,7.99,16.9,13.3,,36.5,38,22.9,"ITD55","Bologna",2025,6567,6567,6938,7091,7108,7319,7765,7810,8139,8436,8609,8681,8883,9005,9073,9550,9323,9526,9618,9510,9676
"Varese","Lombardia","VA",38196,89.19,10.81,18939,19257,21.880740740740745,1707,49.583726044612,50.416273955388,2229,781,3010,74.05,25.95,4345,3114,1231,71.67,28.33,412,"40",452,221.8498790123655,211.1456658481405,187.39415269550926,195.4654050544525,12,93.1,35.6,10.3,69.5,22765.7,26059,22989,0.5,2.6,317.8,1.6,10.7,75.3,4.9,31,34.9,0.2,1.4,83.9,28.4,23.2,466,8.1,44.1,20,15,83.7,8.6,139.7,176.1,0.3,1.2,31.4,3166,78.1,99.1,21.03,7.5,20.3,38.5,37.7,42.5,18.1,"ITD10","Bolzano / Bozen",2025,4552,4729,4986,5252,5249,5373,5439,5526,5604,5644,5739,5515,5742,5675,5627,5650,5822,5873,5887,6018,5997
"Como","Lombardia","CO",17869,89.33,10.67,9097,8772,20.246718750000007,859,50.90939616094913,49.09060383905087,1445,513,1958,73.8,26.2,2085,1645,440,78.9,21.1,118,"31",149,227.42940600549701,213.21147968821248,191.48404652444276,198.28235067172724,12.8,95.1,34.8,9.9,68.5,22332.4,24241.2,23047.4,0.4,-1.6,365.8,1.2,12.9,73.3,3.2,29.4,33.1,,1.5,84.1,23.1,27.7,468,8.8,44.9,22,15,81.8,8.2,95.5,179.6,0.2,3.6,31.8,2480,71.2,88.3,12.28,13.6,20.7,39.1,35.7,43.3,15.8,"ITC47","Brescia",2025,8326,8704,8897,9133,9432,9768,10265,10621,11081,11406,11556,11874,12159,12603,13284,13384,13448,13462,13467,12965,13220
"Sondrio","Lombardia","SO",7714,94.26,5.74,3849,3865,19.855555555555554,390,49.89629245527612,50.10370754472388,631,270,901,70.03,29.97,1018,693,325,68.07,31.93,115,"11",126,222.5763043680875,211.87942801562951,188.17066451855976,199.11439672211623,12.5,97.9,24.5,11.3,68,20976.5,21771.5,22372.4,0.2,-17.6,95.6,3.9,449.6,69.1,3.1,29,23.6,,1.3,83.4,22.4,21.7,476,9.2,60.2,22,16,76.9,8.8,19,123.1,1.4,4.1,11.2,264,55.8,4,2.67,4.1,303.1,38,39.4,42.5,21.6,"ITF44","Brindisi",2025,2327,2368,2539,2439,2528,2477,2680,2778,2878,2980,3085,3255,3286,3397,3471,3655,3605,3682,3726,3741,3851
"Milano","Lombardia","MI",112941,83.5,16.5,57301,55640,19.837825,5408,50.73533969063493,49.26466030936507,7119,2772,9891,71.97,28.03,13934,9982,3952,71.64,28.36,882,"110",992,219.1993921198835,207.49025545128626,183.59752320756124,193.840263673728,17.3,91.8,42.6,9.6,75.6,26348.5,34343,34885.3,0.3,33.4,295,2.5,6.5,76.5,4.5,33.5,35.2,0.5,1.8,84.2,44.3,23.4,464,8.4,78.1,32,21,82.7,6,905.5,131.6,0.5,2.6,128.8,16310,68.7,49.2,31.88,9.8,18.8,41.6,33.5,41.7,17.1,"ITG27","Cagliari",2025,1772,1864,2049,2196,2188,2374,2394,2672,2869,3149,3115,3190,3518,3492,3643,3724,3662,3607,3769,3632,3593
"Bergamo","Lombardia","BG",43955,87.13,12.87,22634,21321,20.655561403508766,2074,51.493572972358095,48.506427027641905,2879,1050,3929,73.28,26.72,5080,3843,1237,75.65,24.35,441,"31",472,224.62441071411848,213.41652245379774,190.20314692626926,198.2337952497655,8.7,92.5,25,11.3,57.4,22531.8,26083.3,23867.1,0.5,-2.8,291.3,2.8,19.8,73,2.6,33.9,35.2,0.5,1.8,83.6,23.8,22.9,464,5.6,54.2,26,20,84.2,6.6,96,176.2,0.5,2.5,40.1,3145,80.5,98.3,11.97,6.9,25.8,44.5,34.5,44.7,12.4,"ITG15","Caltanissetta",2025,1628,1750,1777,1819,1818,1805,1996,1980,2110,2158,2184,2145,2416,2280,2452,2541,2604,2606,2834,2892,2954
"Brescia","Lombardia","BS",48642,85.8,14.2,24983,23659,18.750693215339247,2369,51.36096377616052,48.63903622383948,3186,1391,4577,69.61,30.39,5980,4349,1631,72.73,27.27,388,"53",441,225.08406059418377,213.23367677309724,188.4899386606335,199.094898503104,7.9,94.4,26.7,10.2,62.8,21628.8,24587.7,22705.5,0.5,-2.4,356,2.8,28.6,72,4.5,37.5,39.3,0.5,1.5,84.1,29.6,28.1,530,6,42.1,31,21,82.3,6.3,169.5,196,0.7,5,45.1,6519,77.2,98.1,10.5,7.6,25.3,45.3,36.2,45.6,11.5,"ITF22","Campobasso",2025,1138,1203,1191,1236,1284,1402,1363,1519,1501,1540,1578,1617,1634,1746,1816,1691,1870,1913,1933,1971,2030
"Pavia","Lombardia","PV",19476,84.07,15.93,9472,10004,18.45289682539683,978,48.63421647155474,51.36578352844526,1433,434,1867,76.75,23.25,2465,1760,705,71.4,28.6,159,"28",187,217.00239424416952,202.78960901272075,181.018629552023,190.98910822391375,8,91.2,26.1,16.2,63.9,23004,22843.5,21323.2,0.6,3.3,370.6,2.4,23.7,72.9,7.8,35.7,40.1,1.3,1.8,82.3,43.8,21.9,491,9.8,35.3,29,19,81.5,6.4,179.2,120.9,0.3,4.9,39.8,3544,59.9,37,9.57,7.3,24.7,38.5,37.7,37.1,22,"ITF31","Caserta",2025,7054,7513,7769,7300,7830,7779,8221,8381,8537,8641,8661,8858,9079,9445,9991,10003,10113,10302,10480,10554,11027
"Cremona","Lombardia","CR",15697,84.7,15.3,7780,7917,20.235299145299148,743,49.56361088106007,50.43638911893993,1062,408,1470,72.24,27.76,2008,1373,635,68.38,31.62,183,"25",208,222.72383567369002,209.6763448683975,183.4368751504835,194.13060146617977,9.1,95.4,23.8,14.3,60.7,22541.2,24743.4,21278.1,0.5,-6.9,277.4,2.8,23.8,74.2,6.6,35.6,39.9,,1.3,83.5,27.6,28.9,476,6.5,64.9,32,22,83.5,5.8,128.9,134.3,0.4,2,28.3,1345,78,98.8,10.52,3.8,33.3,42.5,35.5,44.1,14.6,"ITG17","Catania",2025,8114,8499,8964,9039,9160,9420,9824,9882,10112,10485,10549,10345,10638,10851,10948,11117,11543,11382,11654,11782,11877
"Mantova","Lombardia","MN",15187,86.19,13.81,7757,7430,18.968468468468462,767,51.076578652795156,48.923421347204844,1169,484,1653,70.72,29.28,1985,1380,605,69.52,30.48,221,"19",240,220.40837518630198,207.7087730403575,184.9999776120135,195.02126296293676,9.2,96.5,22.3,9.8,65,21644.9,24358.6,21530.8,0.7,-7.1,290.7,2.5,21.7,74.2,18.3,36.4,38.8,0.2,1.3,83.1,22.6,27.4,510,7.3,81,33,17,82.6,5.6,110.4,136.1,0.4,2.7,25.8,3833,87,100,10.64,9.5,40.8,36.8,34.9,44.9,13,"ITF63","Catanzaro",2025,2245,2341,2411,2462,2527,2634,2688,2861,3008,2959,2987,2929,3176,3048,3107,3072,3211,3298,3397,3210,3479
"Lecco","Lombardia","LC",12896,91.68,8.32,6348,6548,20.287499999999994,608,49.22456575682382,50.77543424317618,875,362,1237,70.74,29.26,1512,1093,419,72.29,27.71,105,"10",115,230.08834740213376,217.67650722827773,196.5457505795685,204.8704290056505,15.1,94.5,35.9,9.2,66.3,23724,26766.8,24704.8,0.4,-7.9,307,3,8.1,73.5,2.7,27.2,28.3,0.6,1.3,84.4,24.6,19.2,489,4.6,36.2,19,14,84.9,6.3,67.2,132.1,0.9,3,33,2122,78.6,96.3,12.06,8.6,15.8,44.9,32.6,43.6,12.6,"ITF14","Chieti",2025,2110,2209,2302,2473,2394,2472,2664,2830,2936,2979,3022,3045,3261,3293,3474,3416,3470,3481,3455,3462,3433
"Lodi","Lombardia","LO",9812,86.76,13.24,4650,5162,18.37254901960784,518,47.39094985731757,52.60905014268243,695,240,935,74.33,25.67,1276,826,450,64.73,35.27,68,"10",78,220.122217284566,208.18129471513572,184.470795784193,195.54536231785573,9.1,92.7,22.4,13.4,59.2,23182.4,25459.9,20091.3,0.6,-1.4,253.4,0.9,50.2,73.1,11.6,34.3,38.2,0.4,1.7,83.4,21.9,19.1,422,7.8,41,30,21,84.4,6.8,95.2,191.1,0,3.3,35.8,1022,74.8,99.8,12.36,5.1,56.7,40.8,36.3,40.4,17.5,"ITC42","Como",2025,3743,3805,3912,4060,4197,4385,4525,4752,5084,5194,5228,5369,5627,5634,5760,5949,5972,5858,5902,5895,6011
"Monza e della Brianza","Lombardia","MB",30915,89.34,10.66,15619,15296,21.053160919540225,1441,50.52240012938703,49.47759987061297,,,,,,,,,,,202,"27",229,226.34276882259326,212.6235029321515,189.1839512952365,198.31778347385426,11.1,93.1,45.9,10.6,75.7,24243.4,28833.1,29452.1,0.5,18.4,372.4,0.7,9.2,76.6,3.2,29.9,30.6,0.1,1.3,84.5,24.8,22.4,423,5.2,48.5,28,18,84.3,5.8,148.8,171.5,0.2,1.5,31.3,1257,79.9,100,40.78,5.7,74.4,42.5,33.5,38.2,15.2,"ITF61","Cosenza",2025,4245,4616,4655,4651,4896,5116,5355,5512,5712,5681,5685,5754,5847,6001,5925,6342,6151,6252,6617,6513,6760
"Trento","Trentino-Alto Adige","TN",,,,,,,,,,,,,,,,,,,,,,,229.55201721074425,212.2329613774965,188.6656674702845,197.48937153454003,17.1,95.8,35.1,9.7,75.3,22854,22434.9,24944.2,0.2,1.8,183.6,1.8,92,75.6,15.3,32,30.9,0.6,1,84.5,25.7,21,493,7.1,77.6,22,15,75.9,6.3,93.6,87.2,0.7,3.5,16.7,3707,81.2,98.3,3.36,8.1,400.9,58.4,34.8,46.3,13.1,"ITF62","Crotone",2025,1220,1234,1361,1278,1367,1437,1475,1468,1498,1545,1516,1546,1608,1642,1794,1726,1819,1696,1826,1896,1988
"Verona","Veneto","VR",35711,86.51,13.49,18541,17170,20.93511904761904,1592,51.9195766010473,48.0804233989527,2245,785,3030,74.09,25.91,4108,3137,971,76.36,23.64,293,"46",339,224.24189171924402,213.57597228823175,189.661341172943,198.1008222149445,13.3,94.5,34.6,10.4,70.4,21937.5,24239,24656,0.4,1.7,374.7,3.1,24.3,77.9,6.4,33.8,33.4,0.4,1.6,84,37.3,29.5,501,5.3,61.4,32,20,80.7,6.1,205,158.8,1.1,3.4,51.5,3048,72.4,71.7,13.38,16,28,,31.4,41.6,14.2,"ITC16","Cuneo",2025,3846,3996,4025,4318,4341,4491,4615,4883,5011,5058,5281,5354,5474,5460,5538,5688,5636,5702,5630,5656,5757
"Vicenza","Veneto","VI",39187,90.26,9.74,19782,19405,19.855462962962957,1826,50.48102687115625,49.51897312884375,2350,962,3312,70.95,29.05,4855,3591,1264,73.96,26.04,442,"116",558,226.9240285852075,213.80763196377575,188.19987679263176,198.3628655032035,13.8,94.4,31.9,12.3,68.4,21769.3,25652.2,24987.5,0.7,-9.5,304.7,2.3,14.5,75.5,5.7,30.5,31.8,0.1,1.2,84.2,22.4,29.2,447,6.3,53.6,32,25,84.5,6.3,88.2,130.1,0.4,5.2,28.5,3300,79.4,98.9,12.53,8.9,28.4,,32.9,45.3,12.5,"ITG16","Enna",2025,939,1032,1006,1055,1036,1094,1153,1197,1177,1230,1192,1203,1253,1361,1403,1483,1495,1550,1650,1660,1624
"Belluno","Veneto","BL",7421,93.95,6.05,3541,3880,16.622499999999995,429,47.71594124781027,52.28405875218973,674,368,1042,64.68,35.32,1152,779,373,67.62,32.38,155,"37",192,221.5194000146505,210.0557917576815,187.32645610124274,198.8654210632385,10.3,96.1,31.7,5.2,69.7,21938.3,23776,24403.7,0.4,-14.8,165.7,4.5,189.3,76.4,6.4,29.7,28.7,0.5,1.5,83.1,25.3,24.1,503,4.3,45,20,12,80.4,6.4,18.7,110,0,4.7,10.1,2093,85.8,100,2.84,4.3,25,,35.8,45.8,8.9,"ITD56","Ferrara",2025,1750,1837,1938,2002,1919,2162,2195,2282,2348,2334,2519,2627,2690,2796,2930,3016,2949,2886,2936,2913,2916
"Treviso","Veneto","TV",37788,89.43,10.57,18738,19050,19.894707207207205,1811,49.587170530327086,50.412829469672914,2369,888,3257,72.74,27.26,4630,3456,1174,74.64,25.36,466,"63",529,225.8188279765265,212.2443470192125,188.9119258773345,198.36582525984352,11.5,91.3,24.5,11.6,67,21796,25358.3,23521.7,0.6,-9.6,306,2,25.9,74.7,6.6,33.6,33.7,0.8,1.9,84.4,22.1,25.3,414,8,50.7,32,21,84.2,6.3,53.6,160.9,1.1,5.7,18.7,3029,89.1,100,16.65,14.2,24,,29.1,45.5,16,"ITE14","Firenze",2025,5912,5956,6308,6527,6504,6684,7054,7447,7632,7741,8289,8316,8788,8759,9139,9261,9484,9453,9569,9794,9924
"Venezia","Veneto","VE",31713,88.39,11.61,15478,16235,20.03356807511737,1520,48.806483145713116,51.193516854286884,2215,798,3013,73.51,26.49,3925,2740,1185,69.81,30.19,448,"22",470,223.90976474569027,211.712117085449,183.808665846671,193.29050204820598,16.6,95.5,30,9.5,66.9,22671.8,22466.4,23894.1,0.6,-11.3,347.9,2.4,17,74.6,7.2,35.1,36.2,0.4,2,83.7,25.3,30,602,7.4,59.5,33,23,77.5,6.3,806.5,110.3,0.9,7.6,52.9,10522,72.9,62.9,14.24,6.1,48.5,,33,42.5,14,"ITF41","Foggia",2025,3794,4259,4181,4218,4398,4535,4559,4824,5040,5179,5323,5344,5466,5628,5903,6150,6202,6189,6327,6520,6839
"Padova","Veneto","PD",37325,88.9,11.1,18731,18594,20.330975609756095,1765,50.18352310783657,49.81647689216343,2341,840,3181,73.59,26.41,4339,3269,1070,75.34,24.66,406,"53",459,227.80461455759576,214.80159470778273,190.78285972930473,202.04238093570876,14.4,93.8,38.1,8.3,70.1,22579.8,25486.2,24502.1,0.5,4.1,347.8,2,16.9,76.8,4.9,31.6,31.6,0.6,1.6,84.1,40.4,22.6,517,5.5,64.5,34,25,84.3,6,150,130.5,0.5,2.7,30.1,4481,75.8,77.7,18.61,9.4,44.9,,32.7,48.5,10.3,"ITD58","Forlì-Cesena",2025,2340,2535,2716,2618,2678,2749,2948,3087,3227,3286,3415,3571,3623,3785,3815,3816,3864,3885,3919,3800,3916
"Rovigo","Veneto","RO",8462,89.78,10.22,4161,4301,17.404615384615383,454,49.17277239423304,50.82722760576696,649,260,909,71.4,28.6,1184,848,336,71.62,28.38,129,"36",165,219.16007973675875,208.33022904314274,184.7294916522675,191.81611950102698,6.6,95.4,23.5,17.5,55.3,20668.6,21233.8,19658.1,0.7,-21.4,289.4,2.2,40.4,71.3,10.4,38,37.6,,2,82.8,29.4,23.3,534,10.8,56.5,31,23,80.2,5.5,95.7,128.9,0.5,3.2,16.7,1497,78.3,96.3,8.42,3.3,38,,26.3,43.9,16.5,"ITE45","Frosinone",2025,2674,2878,2997,3043,3193,3273,3404,3653,3962,3862,3850,3997,4197,4119,4385,4242,4346,4376,4269,4278,4393
"Udine","Friuli-Venezia Giulia","UD",20424,90.22,9.78,10398,10026,15.889666666666665,1158,50.91069330199765,49.08930669800235,1613,556,2169,74.37,25.63,2821,2125,696,75.33,24.67,215,"14",229,227.3453626094,214.3722591713978,189.54269457671674,195.74173678785476,14.9,94,33.4,10.8,74.3,22645.3,23670,23419,0.6,-5.3,328,2.3,25.7,74.2,6.5,31.1,33.2,0.4,2,83.7,33.2,24.1,533,7.2,58,23,14,81.4,6.4,74.4,123.4,0.7,2.5,19.9,3388,74.6,88.5,6.83,9,22.1,47.9,38,39.3,16.7,"ITC33","Genova",2025,4647,4698,4804,4899,5073,5162,5281,5647,5699,5905,6277,6330,6616,6566,6935,7254,7319,7210,7390,7443,7484
"Gorizia","Friuli-Venezia Giulia","GO",5633,85.74,14.26,2748,2885,16.488,325,48.78395171311912,51.21604828688088,452,171,623,72.55,27.45,844,620,224,73.46,26.54,74,"6",80,226.82560578542424,209.74429480807225,183.44430799939525,192.853327855819,11.9,93.7,26.1,12,69.2,23978.1,22220.4,19961.1,0.7,-6.2,127.3,2.9,35.6,69.9,7,40.8,44.8,1.4,2.1,83.2,23.8,25.4,553,9.8,52.6,18,13,79.2,5.9,50.6,128.3,0,4.1,17.4,1062,71.4,94.5,12.99,27.2,140.2,45.5,32,41.8,13.1,"ITD43","Gorizia",2025,824,932,969,857,938,927,974,1054,1031,1111,1037,1084,1166,1230,1219,1198,1264,1246,1311,1311,1290
"Trieste","Friuli-Venezia Giulia","TS",8548,91.11,8.89,4304,4244,15.888571428571431,480,50.35095928872251,49.64904071127749,603,228,831,72.56,27.44,1140,877,263,76.93,23.07,74,"2",76,233.10020453270474,219.5413030951495,189.5745285043075,197.786266980459,19.9,94.1,41.1,12.8,74.6,25871.8,25925.8,24886,0.4,12,267,3.1,8.9,76.6,5.9,34.6,36.8,0.4,0.7,82.8,51.8,27.6,512,9.5,81.1,19,12,81,5.9,101.4,156.7,0.5,1.9,65.6,6205,50.8,3.4,20.75,25.9,62.7,40.6,40.9,39.8,18,"ITC31","Imperia",2025,1213,1187,1266,1315,1381,1342,1406,1516,1580,1566,1631,1645,1698,1707,1743,1810,1886,1867,1772,1924,1902
"Pordenone","Friuli-Venezia Giulia","PN",13388,88.02,11.98,6576,6812,19.546222222222227,667,49.11861368389603,50.88138631610397,813,363,1176,69.13,30.87,1669,1212,457,72.62,27.38,161,"8",169,227.787533227788,213.81843053414676,189.90296628922,195.89451257241302,14,97.5,20.7,9.6,70.3,22467.6,24687.6,24164.8,0.4,-11.1,313.5,0.6,46.7,72.8,11.5,35.4,35.1,0.3,1.8,84,27.4,25,507,6.2,36.8,23,16,83.9,6.7,27,124.3,0.3,1.7,13.8,1813,85.4,99.7,8.43,4.2,44,44.1,39.3,37.2,14.1,"ITF21","Isernia",2025,429,446,499,461,453,534,562,568,580,598,607,619,630,593,648,626,656,684,685,737,700
"Piacenza","Emilia-Romagna","PC",12241,82.8,17.2,6216,6025,20.405128205128204,563,50.78016501919778,49.21983498080222,759,447,1206,62.94,37.06,1511,1069,442,70.75,29.25,109,"9",118,219.78515121282527,211.07454047579324,184.796543650209,191.32412452137976,11.1,93.3,25.7,11.2,65.3,23098.5,24380.1,23913.6,0.6,2.4,344.5,2.5,39.2,75.5,16.7,38.6,42.1,0.4,1.2,83,26.6,26.5,699,8.9,61.5,29,19,81.3,7,166.3,96.4,1,3.5,31.9,2208,72.6,92.6,7.68,6,28.4,,38.3,45.5,17.5,"ITF11","L'Aquila",2025,1687,1664,1765,1745,1924,1920,2041,2141,2228,2350,2300,2373,2570,2529,2545,2492,2534,2526,2509,2635,2690
"Parma","Emilia-Romagna","PR",20849,84.08,15.92,10346,10503,20.154573643410856,940,49.62348314067821,50.37651685932179,1186,695,1881,63.05,36.95,2348,1751,597,74.57,25.43,191,"13",204,222.89498069239,214.967877258197,184.99408899360475,194.75664888523397,13.8,89.3,29.3,8.4,69.5,24165.3,27869.1,27083.2,0.5,18.1,340.1,3.1,16.9,76.8,6.7,36.7,40,0.7,1.4,83.9,40.1,21.4,596,8.4,60,27,15,82.4,6.3,371.9,108.1,0.2,3.1,62.5,3956,79.7,93,7.6,4.2,87.8,,39.4,44.2,11.8,"ITC34","La Spezia",2025,1228,1252,1226,1300,1370,1402,1458,1598,1592,1579,1628,1735,1777,1787,1792,1851,1901,1860,1974,1835,2020
"Modena","Emilia-Romagna","MO",35569,85.62,14.38,17627,17942,21.11019607843137,1602,49.55719868424752,50.44280131575248,1877,1061,2938,63.89,36.11,4263,3056,1207,71.69,28.31,260,"33",293,220.84090060089676,210.9767691319625,183.96881107822526,194.37406827863174,14.5,94.9,30.6,9.5,66.6,23245,27671.5,26076.9,0.4,15.7,364.3,3.5,15.7,76.1,5.5,38.8,38.6,0.7,1.2,83.8,38.6,25.1,621,8.3,54.3,30,18,83,6.5,243.5,107.8,0.8,3.4,48,2267,78.6,91.5,10.97,5.2,75.6,,36.2,45.5,15.7,"ITE44","Latina",2025,3432,3731,3848,4079,4019,4326,4631,4816,4925,4884,5124,5340,5440,5559,5678,5639,5613,5587,5680,5539,5658
"Bologna","Emilia-Romagna","BO",39349,85.74,14.26,19387,19962,19.99819444444445,1796,49.26935881470939,50.73064118529061,2401,996,3397,70.68,29.32,4728,3558,1170,75.25,24.75,153,"14",167,221.661484783835,206.7494780857235,183.068248172388,194.72433361350727,17.5,95,45.2,11.3,77.5,25519.8,27603.1,28560.7,0.3,36.7,356.2,3.3,15.7,78.4,3.3,33,35.8,0.6,1.1,83.9,44.9,24.1,571,6.8,62.6,22,14,82.5,5.4,404.9,163.5,0.7,4,83.6,4004,73.5,81.2,8.93,6.1,22.1,,34.6,40.7,17.3,"ITF45","Lecce",2025,4533,4644,4932,4961,4998,5245,5524,5607,5836,5872,6114,6434,6707,6765,7081,6952,7294,7384,7375,7523,7912
"Ferrara","Emilia-Romagna","FE",16130,85.94,14.06,7821,8309,20.088888888888892,751,48.487290762554245,51.512709237445755,898,436,1334,67.32,32.68,2056,1453,603,70.67,29.33,183,"12",195,214.1568768123795,203.14479603197424,176.57045906578372,187.57046236839074,13,92.4,30.2,12.5,65,22071.7,21600.4,23503.7,0.6,6.2,287.5,3.8,28,74.1,8.5,38.3,42.9,0.6,1.1,82.9,44.8,29,634,8.1,56.6,28,20,78.7,5.4,176.4,156.6,0.7,3.9,34.2,1342,77.1,93.5,7.08,2.2,64.1,,37.8,39.9,19.2,"ITC43","Lecco",2025,2060,2080,2141,2158,2248,2433,2472,2728,2670,2969,2820,2981,3135,3198,3380,3371,3445,3396,3334,3458,3314
"Ravenna","Emilia-Romagna","RA",16636,87.35,12.65,8115,8521,22.29694444444445,760,48.77975474873768,51.22024525126232,972,501,1473,65.99,34.01,2030,1439,591,70.89,29.11,139,"41",180,221.066835595658,204.164936074765,181.05740385191226,192.22357057036749,11.1,96.2,33.7,12.8,67.4,22804.4,23068.8,24555,0.3,6.5,388.8,5.2,36.8,74.7,2.8,34.5,36.3,0.5,2.2,83.9,31.8,18.8,727,7.1,59.4,26,14,76.7,5.4,154.1,163.3,0.1,2.7,25.1,1108,78.2,98.1,10.25,6.5,48.3,,38.8,40,15,"ITE16","Livorno",2025,1709,1732,1865,1921,1875,2029,2204,2309,2336,2450,2550,2570,2774,2799,2931,2982,2993,3087,3112,2974,3124
"Rimini","Emilia-Romagna","RN",14999,84.79,15.21,7404,7595,20.798974358974366,711,49.36329088605907,50.63670911394093,844,463,1307,64.58,35.42,1889,1391,498,73.64,26.36,82,"18",100,215.97469282608802,203.770654708865,184.4612069040685,190.97057137326675,13,93.2,34.5,13.1,69.5,20000.2,17809.2,23671,0.5,5,400.2,2.4,13.4,71.1,5.2,32.5,36,1.5,1.2,84.5,34.3,26.6,715,11.3,41.3,27,16,68.1,8.6,509.2,128,0.3,1.4,83.3,3719,68.8,84.1,12.55,7.6,21.5,,38.9,34.7,22.5,"ITC49","Lodi",2025,1574,1547,1661,1726,1696,1854,1852,1988,2099,2124,2191,2140,2211,2250,2274,2473,2329,2376,2346,2351,2369
"Massa-Carrara","Toscana","MS",8224,91.61,8.39,3995,4229,16.578725490196074,463,48.577334630350194,51.422665369649806,,,,,,,,,,,97,"12",109,207.85624327611225,196.18716969004151,177.36763420982277,184.93231964474074,14.1,97.5,27.2,9.4,68.2,22082.5,20917.3,20257.6,0.6,-19.5,275.5,1.6,16.5,70.3,12.7,37.2,42.4,0.5,1.9,82.8,31.3,16.5,591,10.5,60.4,20,11,77.8,8.1,143.6,129.3,0.9,2.1,12.8,1315,69.5,68,7.24,11.1,17.8,,31.9,45.2,20,"ITE12","Lucca",2025,2010,2043,2121,2325,2254,2512,2556,2719,2832,2862,2997,3151,3401,3297,3423,3367,3691,3608,3621,3668,3552
"Lucca","Toscana","LU",16806,90.94,9.06,8269,8537,18.07374074074073,858,49.20266571462573,50.79733428537427,1213,388,1601,75.77,24.23,2343,1622,721,69.23,30.77,90,"6",96,209.7717750842945,197.8583471990265,175.33639828942347,185.20427825284526,13.2,95.1,26.4,12.2,65.6,21704.2,22094.2,23617.4,0.6,-0.4,426.8,3.1,13,70.7,5.7,36.8,44.5,0.3,2.2,83.3,28.2,21.4,652,11.7,42.1,25,,77.7,7.9,179.9,103.2,0.3,3.5,35.3,1237,77.5,94.1,9.14,14.3,18,,32.3,39.6,20.8,"ITE33","Macerata",2025,1797,1905,1905,2078,2088,2137,2224,2388,2477,2485,2597,2542,2658,2807,2873,2946,2841,2931,2839,2866,2883
"Pistoia","Toscana","PT",13588,87.21,12.79,6572,7016,17.715595238095236,692,48.36620547541949,51.63379452458051,911,300,1211,75.23,24.77,2068,1411,657,68.23,31.77,64,"14",78,215.859115890892,199.4882263391715,178.9253012397415,191.99233591852501,13.5,94.8,22,9.7,58.2,20579.8,21035.1,21071.5,0.8,-6.5,352.9,2.1,14.7,70.5,5.3,35.3,37.7,0.3,2,83.9,24.4,17.2,523,9.9,41.3,20,,81,7.1,72.4,89.5,0.4,1.3,27.9,760,63.2,50.4,10.26,25.4,21.5,,32.2,39.6,17.5,"ITE11","Massa-Carrara",2025,942,941,1016,1026,1003,1050,1159,1259,1271,1240,1353,1452,1543,1564,1579,1513,1722,1631,1680,1691,1620
"Firenze","Toscana","FI",41403,85.42,14.58,20368,21035,18.61138576779026,2057,49.19450281380576,50.80549718619424,2512,983,3495,71.87,28.13,5589,4145,1444,74.16,25.84,201,"18",219,211.72613839385525,198.116427964289,174.97339669187224,187.2918046935705,14.1,96,39.2,11.1,73.8,23810.9,24515.4,26194.5,0.4,12.9,433.7,1.7,5.2,76.6,6.2,36.4,38.1,0.6,1.4,84.7,45.1,19.5,553,7.9,67.8,30,14,81.3,5.6,753.1,107.5,0.5,3.2,136.6,7055,68.2,62.5,7.38,25,26.7,,41.5,32.9,24.2,"ITF52","Matera",2025,1146,1129,1152,1300,1302,1356,1395,1442,1536,1484,1547,1554,1633,1645,1717,1750,1829,1811,1923,1918,2085
"Livorno","Toscana","LI",14475,90.58,9.42,6958,7517,17.710341880341876,705,48.06908462867012,51.93091537132988,937,275,1212,77.31,22.69,1972,1318,654,66.84,33.16,141,"6",147,207.1978619541295,194.637510495363,173.963631223654,184.11516855645476,11.1,95.7,24.2,13.4,68.1,23546.9,20404.2,23645.4,0.7,-0.2,315.1,3.4,8.7,71.3,7.3,40.5,44.6,1.2,1.9,83.5,27.5,13.3,672,9.9,38.9,22,10,74.5,7.7,158.4,75.1,0.7,2.9,31.9,2169,61,32.2,10.22,33.6,15.2,,34.9,34.8,19.5,"ITG13","Messina",2025,3583,3842,3947,4143,4198,4313,4545,4764,4576,4701,5022,4967,5129,5176,5458,5383,5653,5783,5817,5774,6019
"Pisa","Toscana","PI",17791,89.46,10.54,8662,9129,19.495,859,48.68753864313417,51.31246135686583,1172,418,1590,73.71,26.29,2445,1740,705,71.17,28.83,66,"6",72,210.85578996838325,198.96952226771876,177.29923094500975,187.74942250986925,16.5,92.5,34.8,11.4,69.4,22850.5,23202.2,22022.6,0.5,10.1,482,1.9,134.1,75.1,5.1,33.9,37.1,0.5,2.7,83.7,55.3,20.3,581,8.9,47.2,22,13,81.4,7.4,260,115.5,0.5,4.6,30.2,2929,69.4,73,7.03,22.7,23.3,,33.6,40.2,17.1,"ITC45","Milano",2025,21335,21742,22678,23224,23273,24479,25726,26532,27439,28289,28817,28907,29925,30306,31063,31808,32122,31652,32297,32033,33167
"Arezzo","Toscana","AR",16274,88.93,11.07,8129,8145,18.83128205128205,806,49.950841833599604,50.049158166400396,1178,392,1570,75.03,24.97,2274,1622,652,71.33,28.67,121,"19",140,216.57220185984875,201.953002023272,180.03103841787623,188.21226172188824,8.4,96.2,31.9,8,64,21608.5,22152.7,21759.7,0.6,-14.1,333,2.1,22.4,77.9,8.2,33.9,35.1,1.2,1.8,83.6,28.6,22.2,576,8,44.3,22,13,82.9,6.7,87.8,37,0.8,6,22.2,1846,56.4,29.6,5.35,22.1,30.1,,38.6,43.4,12,"ITD54","Modena",2025,4816,4786,5232,5217,5138,5223,5620,5843,6100,6122,6229,6436,6846,6896,7139,7078,7233,7135,6992,7056,7058
"Siena","Toscana","SI",12451,87.79,12.21,5897,6554,17.669009009009002,619,47.361657698176856,52.638342301823144,769,325,1094,70.29,29.71,1680,1153,527,68.63,31.37,98,"8",106,210.80186194893275,198.0837943419825,180.74840219851401,190.11436282246225,10.4,95.5,28.6,10.9,64,23597.8,23055,23248.5,0.5,-11.2,363,3.1,108.6,76.9,6.3,32.8,34.8,,2.2,84.2,57.3,20.2,572,6.4,50.8,18,,80,6,87.5,127.6,0,2.4,18.8,3950,63.4,52.9,4.03,33.8,34.4,,35.2,38.3,17.4,"ITF33","Napoli",2025,22909,23421,24553,24152,25073,26099,26589,27751,27768,28350,28749,29361,30892,31610,32376,33397,33795,34949,35168,35383,36296
"Grosseto","Toscana","GR",9596,89.44,10.56,4633,4963,18.125481481481486,503,48.280533555648184,51.719466444351816,703,276,979,71.81,28.19,1341,917,424,68.38,31.62,99,"7",106,207.90168147743026,195.68141667159026,175.5951508672855,184.97912599804974,15.4,95.1,22.5,15.3,64.6,21945.3,17271.8,21698.2,0.7,-17.4,334,5.1,159.2,73.9,9.6,37.4,41.7,0.5,2.4,83.3,30.6,17.7,636,9.6,57.1,24,9,71.3,6.3,58.2,92.1,0.5,4,24.9,1033,59.3,63.3,3.19,28.4,37.9,,35.4,42.7,23.7,"ITC15","Novara",2025,2216,2286,2403,2495,2517,2693,2779,2842,2994,3043,3158,3254,3356,3409,3368,3500,3467,3688,3542,3560,3537
"Prato","Toscana","PO",12559,75.64,24.36,5867,6692,18.43015151515151,616,46.715502826658174,53.284497173341826,757,310,1067,70.95,29.05,1673,1177,496,70.35,29.65,67,"13",80,213.3158833836775,198.8198109738415,173.096108966489,195.13350493304625,6.5,92,22.6,8.9,48.2,21343.3,19647.8,24218.2,0.5,-10.1,311.4,0.8,8.5,76.7,5.6,47.7,42.3,0.8,1.7,84.5,26.8,20.1,569,7.1,87,23,16,81.8,6.2,97.3,95.8,0,,124.9,726,71.1,100,14.32,13.1,27.7,,25.9,49.3,12.6,"ITG26","Nuoro",2025,951,993,1009,1122,1108,1210,1284,1373,1384,1428,1513,1561,1629,1698,1779,1769,1795,1750,1833,1897,1831
"Perugia","Umbria","PG",29716,87.98,12.02,14154,15562,17.79235042735043,1511,47.63090590927447,52.36909409072553,2309,741,3050,75.7,24.3,4466,3236,1230,72.46,27.54,155,"7",162,208.8725445243285,199.404448199901,179.15300807885174,185.711258791229,14.5,97.3,33.8,10.5,73.8,21509.9,21013.8,22204.8,0.7,-12,334.4,2.8,21,73.6,12.9,29.8,35.4,0.5,1.8,84,37,22.9,548,8.9,55,21,13,80,8.5,95.8,103.2,1,2.8,25.8,2312,67.2,71.3,5.47,17.1,63.6,,37.9,36.6,18.6,"ITG28","Oristano",2025,658,685,683,753,759,793,865,943,939,948,982,1036,988,1127,1182,1136,1169,1207,1186,1255,1216
"Terni","Umbria","TR",9637,88.38,11.62,4672,4965,17.91895061728395,512,48.479817370551004,51.520182629448996,634,231,865,73.29,26.71,1382,965,417,69.83,30.17,95,"4",99,212.9874541267355,206.0495474264045,185.57459843041875,191.06197491182076,11.6,96.4,31.3,10.6,73.4,22168.6,20923,19957.1,0.8,-23.5,312.9,4.2,68.8,66.2,16.7,30.2,36.9,0.5,1.9,83,36.2,24.7,443,13.6,58.1,31,17,80.2,9.3,106.1,122,0.3,2.4,17.1,1163,74.3,97.8,4.67,10.4,157.1,,41.4,28.7,20.4,"ITD36","Padova",2025,5671,5715,6130,6378,6212,6583,6942,7191,7424,7661,7996,8330,8556,8616,8906,9072,9165,9098,9151,9019,9271
"Pesaro e Urbino","Marche","PU",,,,,,,,,,,,,,,,,,,,,,,210.06683775024152,199.5297254822805,176.1961264382065,186.60037335493675,10.1,96.9,32.6,9.7,63.7,20661.2,21626.7,23682,0.6,-10.7,232.6,3.1,28.1,74.5,22.1,32.7,36.4,0.9,2,84.1,23.9,25.4,554,8.6,53.2,25,16,79.7,9.1,82.6,102.1,1,5.1,17.1,624,74,100,6.73,13,26.8,,35.3,41.2,17.6,"ITG12","Palermo",2025,8749,9434,9799,9760,10087,10447,10722,10937,10742,11302,11623,11318,11945,11952,12337,12664,12700,12768,12903,13190,13402
"Ancona","Marche","AN",22482,89.96,10.04,10880,11602,18.93669540229885,1130,48.39427097233342,51.60572902766658,1600,638,2238,71.49,28.51,3157,2288,869,72.47,27.53,99,"4",103,214.24928709372875,201.70293827918223,180.84889435299476,189.03033001956123,13.6,95.3,38.8,10.2,73.8,22843.1,22171.3,21269.7,0.5,-8.2,158.9,1.5,19.9,73.7,9.2,33.7,37.3,0.9,1.8,84,45.7,23.3,501,8.9,64.6,23,15,79.6,6.9,90.9,118.8,0.6,2.5,22.1,3733,71.4,75.4,9.08,10.7,53.2,,39.1,33.3,20.8,"ITD52","Parma",2025,3057,3212,3248,3444,3428,3602,3632,3787,3957,3998,4067,4096,4146,4215,4417,4477,4368,4446,4286,4424,4324
"Macerata","Marche","MC",14828,89.9,10.1,7337,7491,18.65555555555555,745,49.480712166172104,50.519287833827896,1092,447,1539,70.96,29.04,2015,1519,496,75.38,24.62,68,"12",80,210.861253524304,199.828492256146,179.028588571667,187.328307348811,7.8,93.6,32.9,12.5,65.6,20561.2,19912.4,22260,0.7,-16,139,3.6,44.5,70.2,11.5,29.1,31,,2.2,84,24.3,21.1,511,10.3,53.6,18,11,77.8,7.2,41.8,,0.2,2.7,11.2,2087,74.2,98.1,5.69,10,21,,35.7,35.4,22,"ITC48","Pavia",2025,3320,3350,3592,3552,3665,3885,4073,4151,4354,4555,4481,4613,4768,4764,4907,5125,5157,5010,5038,5132,5101
"Ascoli Piceno","Marche","AP",16771,90.26,9.74,8016,8755,18.74441860465116,812,47.79679208156938,52.20320791843062,795,290,1085,73.27,26.73,1293,1064,229,82.29,17.71,58,"6",64,204.41778788588698,196.63764449291952,176.89202116755476,184.866363567462,10.1,99.6,38.2,5.9,69.6,20535.1,19805.2,21661.8,0.5,-22,201.8,1,41.4,72.5,11.7,31.5,35.8,,1.4,83.9,29.4,27.1,557,5.5,63.8,16,9,75.5,9.7,44.7,101,0.5,4.3,14.4,2004,68.4,91.8,6.44,13.1,16.3,,33.7,34.7,10.9,"ITE21","Perugia",2025,3595,3687,3865,4125,4130,4454,4573,4805,5094,5154,5417,5589,5850,5917,5955,6054,6341,6224,6221,6313,6159
"Fermo","Marche","FM",,,,,,,,,,465,253,718,64.76,35.24,945,732,213,77.46,22.54,,,,215.13951252215298,206.1652377792635,179.85826085031897,188.94502513339825,8.1,96,27.6,16.1,56.9,18710.2,18885,21464,0.5,-19.5,278.4,2.4,29.7,69.9,12.8,31.4,36.7,0.6,1.9,83.9,20.1,29.7,452,11.1,53.6,,,76.9,7.5,67.4,116.3,0,1.2,23.3,903,70.8,98.4,7.88,17.7,26.2,,31.7,36.8,19.9,"ITE31","Pesaro e Urbino",2025,1895,2053,2193,2308,2289,2396,2478,2653,2807,2907,2972,3186,3142,3430,3295,3380,3488,3419,3508,3613,3503
"Viterbo","Lazio","VT",13089,90.69,9.31,6369,6720,19.20754385964912,654,48.659179463671784,51.340820536328216,928,363,1291,71.88,28.12,1858,1218,640,65.55,34.45,110,"3",113,202.42983087077275,192.12526993266252,173.54787406850798,177.652808627609,9.6,95.3,22.5,18.5,64.9,21105.7,17740.2,18872.1,0.8,-12.9,221.3,4.2,96.9,61.9,19.8,34.6,43.2,0.3,2.6,82.3,23.7,23.4,410,16.3,46.8,17,9,75.7,9.1,61,148,0.5,4.1,17.8,759,66.5,63,4.61,15,12.4,44.1,32.3,33.5,29,"ITF13","Pescara",2025,1825,1857,2116,2223,2236,2294,2334,2442,2625,2654,2786,2772,2825,2951,2980,2945,3167,3078,3125,3061,3162
"Rieti","Lazio","RI",6776,90.51,9.49,3119,3657,15.246309523809527,402,46.03010625737898,53.96989374262102,683,241,924,73.92,26.08,1068,791,277,74.06,25.94,43,"3",46,206.34627701710625,202.06491621458048,176.03669495905774,186.2835707433905,11.8,97.8,24,11.9,66.3,21464.6,18480.3,16619.1,0.9,-32.8,212.8,2.7,65.1,66.3,19.4,40.6,50.8,0.7,2.7,82.3,24.7,24.2,401,16.3,66.6,22,16,74.3,10,45.2,142.4,1,7.2,8.6,2432,58,41.4,3.16,7.1,347.8,43.8,29.6,43.1,17.2,"ITD51","Piacenza",2025,1912,2042,2012,1898,2036,2223,2291,2222,2378,2430,2531,2528,2575,2530,2614,2696,2621,2657,2700,2683,2740
"Roma","Lazio","RM",176941,89.97,10.03,86772,90169,20.30730019493178,8311,49.040075505394455,50.959924494605545,10630,3946,14576,72.93,27.07,21730,16373,5357,75.35,24.65,948,"71",1.019,209.8201899844155,199.07782288492098,175.879465393067,180.797606811598,15.5,87.1,42.2,12.1,77.8,25232.1,25293.8,25507.9,0.6,13.6,318.4,3.5,7.1,70.4,5.3,35,42.9,0.6,2.2,83.2,48.7,22.1,528,11.6,78.8,31,13,77.4,10.5,754.5,126.4,0.5,2.6,71.3,7213,53,24.7,13.18,6.2,17.2,35.2,33,33.3,23.5,"ITE17","Pisa",2025,2548,2669,2635,2803,2854,2904,3107,3220,3384,3519,3687,3698,3774,3842,4039,3966,4053,4023,3903,3955,4009
"Latina","Lazio","LT",25237,92.73,7.27,12318,12919,16.58286885245902,1395,48.809287950231806,51.190712049768194,1924,679,2603,73.91,26.09,3848,2751,1097,71.49,28.51,159,"8",167,205.246648408061,201.08370588202024,176.4545586574495,181.63375720336975,12.7,91.4,19.6,18.7,56.7,19545,19338.5,18033.8,0.9,-21.6,241.4,3.9,18,61.7,8.8,42.7,53.7,0.9,3.2,82.6,24.9,19.7,479,15,50.1,,,75.4,12.1,108.5,168.8,1.1,6,32.3,642,63.9,61,10.04,5.5,16.7,39.8,31,31.6,25.8,"ITE13","Pistoia",2025,1589,1680,1807,1833,1876,1973,2168,2200,2206,2402,2470,2416,2623,2686,2670,2711,2830,2766,2769,2734,2780
"Frosinone","Lazio","FR",21663,95.08,4.92,10509,11154,17.138490990991002,1158,48.51128652541199,51.48871347458801,1796,422,2218,80.97,19.03,3001,2433,568,81.07,18.93,72,"9",81,195.59826494696551,193.4727803757125,170.5676791782715,178.34678863986,8.6,97.9,28.6,20,68.1,19690.7,20333.2,15358.2,1.1,-29.6,263.3,3.6,34.8,59.7,11.7,40,52,0.6,3.4,82.2,21.5,20.6,373,18.1,47.2,33,15,78.8,10.2,39.2,90.1,1.3,4.5,14.4,1296,63.8,43,6.91,4.6,32.3,45,25,31.4,34.6,"ITD41","Pordenone",2025,1879,1991,2072,2167,2178,2290,2346,2440,2587,2583,2755,2842,2834,2947,3024,3145,3127,3171,3142,3021,3130
"L'Aquila","Abruzzo","AQ",12057,91.5,8.5,5745,6312,17.623846153846156,641,47.64866882309032,52.35133117690968,,,,,,,,,,,83,"6",89,200.88267145135302,192.291762464233,176.348658814876,182.865877354785,9.3,98,25.6,18.9,69.7,21480.8,19573.5,17550.2,0.7,-18.1,219.1,2.8,42.7,63.9,16.4,36.4,42,1,2.5,82.8,37.6,23.6,447,18.5,56.1,15,9,75,10.1,59.1,114.5,0.5,5.7,19.1,4955,62.5,60.4,3.18,2.2,33.3,,29,31.6,36.5,"ITF51","Potenza",2025,1912,1969,2073,2051,2229,2326,2331,2496,2498,2601,2562,2518,2818,2788,2876,3032,3129,3210,3259,3267,3416
"Teramo","Abruzzo","TE",11574,92.07,7.93,5700,5874,17.5710752688172,638,49.24831518921721,50.75168481078279,1000,302,1302,76.8,23.2,1798,1394,404,77.53,22.47,50,"8",58,204.93108060660074,198.09087013844402,178.23190376704702,181.2078460109505,10,99.2,29.5,12.7,69.4,18782.9,18193.5,20332.5,0.7,-21.2,233.7,5.7,46.1,68.4,22.1,38.6,45,0.3,2.4,83.4,27.3,25.7,480,11.8,39,24,12,73.2,11.2,53.8,157.3,0.8,4.3,15,2089,65.6,66.2,6.67,10.7,19.1,,30.7,34.1,19.3,"ITE15","Prato",2025,1389,1532,1509,1678,1735,1823,1968,2123,2198,2154,2300,2333,2527,2538,2720,2748,2792,2801,2904,2866,2682
"Pescara","Abruzzo","PE",15316,94.7,5.3,7637,7679,17.981975308641978,778,49.86288848263254,50.13711151736746,1107,291,1398,79.18,20.82,2105,1692,413,80.38,19.62,39,"10",49,209.65366514500624,202.6426872630095,181.37242998607024,184.38657607826724,13.2,98.1,38.2,12.8,74.9,20526.9,19456.9,21065.3,1,-11.6,207.5,3.5,44.6,65.2,11.3,32.7,38.4,0.3,2.8,83.5,36.8,19.6,454,14.9,72.7,23,13,75.4,10.3,80.6,141.3,0.3,4.4,31.7,1551,55,34.4,7.21,8.7,39.4,,25.8,32.8,25.5,"ITG18","Ragusa",2025,2449,2552,2735,2812,2747,2776,2887,2998,2991,3005,3006,3018,3116,3226,3206,3372,3390,3292,3508,3492,3510
"Chieti","Abruzzo","CH",15569,94.37,5.63,7548,8021,18.533488372093032,813,48.48095574539148,51.51904425460852,1327,374,1701,78.01,21.99,2353,1801,552,76.54,23.46,71,"8",79,202.52096462299076,197.6492526395375,176.89411655096228,183.35060585577952,7.6,96.9,28.9,16.6,70.9,19441.8,20778.8,19934.9,0.8,-20.5,181.5,1.9,58.3,66.2,15.9,35.5,43,1.1,3.4,82.6,37.6,26.4,444,11.6,60.7,20,12,77.1,9.7,36.6,85,0.7,6.7,12.1,2861,73.7,92.1,6.35,5.5,8.9,,28.1,32.2,28.1,"ITD57","Ravenna",2025,2207,2300,2370,2521,2593,2653,2901,2945,2977,3116,3215,3284,3357,3554,3665,3739,3782,3736,3871,3673,3737
"Campobasso","Molise","CB",9470,97.38,2.62,4459,5011,15.926031746031748,564,47.085533262935584,52.914466737064416,840,272,1112,75.54,24.46,1714,1346,368,78.53,21.47,58,"3",61,201.0005388215665,194.623923037302,173.70391830115574,178.47230846583,10.6,95.3,33.3,19.4,64.4,18929.5,18565.2,17655.5,1,-41.3,205.3,2.9,83.5,60.3,32.2,33.9,42.9,,3,82.7,28.6,25,387,20.7,88.7,18,11,74.9,10.6,41.4,117.8,0,7.8,11.9,859,63.4,50.7,4.24,3,12.2,48.1,26.7,29.4,36.3,"ITF65","Reggio di Calabria",2025,3842,4064,3936,3847,4106,4268,4422,4545,4460,4726,4720,4792,4831,4969,5222,5213,5262,5402,5527,5445,5475
"Isernia","Molise","IS",2917,96.23,3.77,1432,1485,15.72761904761905,175,49.091532396297566,50.908467603702434,278,99,377,73.74,26.26,479,382,97,79.75,20.25,12,"1",13,199.9207152339595,206.67817104640022,176.84154694387576,184.550034484371,13,94.5,28.8,14.3,69.9,19764.8,17133.2,19675.4,0.7,-36.5,149.4,7.5,111,62.3,33.6,39.1,49.9,,1.8,81.7,32,24.1,359,20.5,74.1,,,75,9.2,32.6,104,0.6,4.6,12.6,561,53.4,28.8,3.38,1.9,1022.1,47.5,25.6,22.8,41,"ITD53","Reggio nell'Emilia",2025,3538,3599,3764,3908,3963,4087,4137,4392,4573,4879,4829,5088,5235,5309,5585,5570,5598,5593,5595,5584,5621
"Caserta","Campania","CE",49216,95.69,4.31,24378,24838,19.066997245179067,2515,49.53267230169051,50.46732769830949,3590,225,3815,94.1,5.9,5811,5300,511,91.21,8.79,124,"35",159,196.42566441517698,197.8263898868675,173.057785460694,180.40634952264998,7.5,98.9,25.6,27.3,54.9,18595.8,16625.1,14683.1,1.2,-25.4,164,3.5,17.7,47.4,13.8,46,57,0.4,6,80.9,24.4,28.6,456,34.1,64.5,29,12,72.4,13.4,56.7,103.5,0.7,7.1,55.1,1434,56.7,28.1,10.47,4.3,18.3,,28.1,19.4,53.5,"ITE42","Rieti",2025,812,843,880,889,925,962,939,1028,1025,1091,1135,1152,1189,1252,1226,1312,1318,1308,1379,1341,1404
"Benevento","Campania","BN",12687,97.4,2.6,6210,6477,15.470952380952378,735,48.94774178292741,51.05225821707259,1160,183,1343,86.37,13.63,1828,1611,217,88.13,11.87,47,"12",59,190.57744966697052,190.62498775124277,172.35560058139126,181.59298240612776,12.4,97.1,26.2,26.8,62,18350.5,15983.1,15126.2,0.9,-40.3,194.1,3.4,237.6,55.8,14.6,37.6,46.6,0.4,5.2,82.2,29.9,24.7,366,21.4,61.5,26,17,71,12.7,20.2,163.6,0.5,7.6,11.8,1691,72.8,71.7,7.37,8.8,23.9,,23.5,23.3,46.5,"ITD59","Rimini",2025,1914,1958,2093,2096,2242,2362,2495,2590,2711,2936,3033,3045,3168,3171,3421,3366,3471,3449,3344,3390,3332
"Napoli","Campania","NA",156547,97.21,2.79,76535,80012,19.5282590529248,7842,48.88947089372521,51.11052910627479,11096,1411,12507,88.72,11.28,20212,16506,3706,81.66,18.34,578,"82",660,185.94419517447176,184.6554966432415,162.55764886282202,170.72764511935776,7.5,99.7,24,29.2,53.3,18752.7,18405.9,16734.7,0.9,-28.7,135.8,1.9,10.9,45.4,6.9,49.1,61,1,3.8,81.1,36,24.9,495,35.8,78,31,20,74.3,15.6,197.9,124.4,0.4,3.8,110.1,2409,51.5,20.1,34.88,12.2,14.1,,32.2,22.2,51.6,"ITE43","Roma",2025,25447,26698,27721,29001,29416,30857,32793,34027,35696,36813,38258,38520,41008,41051,41844,42065,42431,42795,42735,41635,42090
"Avellino","Campania","AV",16418,97.11,2.89,7757,8661,13.814803921568629,1010,47.24692410768669,52.75307589231331,1672,249,1921,87.04,12.96,2567,2196,371,85.55,14.45,98,"18",116,191.521133469172,189.9767465920925,170.5624240136415,179.93710216891424,11.1,95.7,28.4,18.7,68.9,18341.3,18030.5,15960.4,0.9,-37.6,274.9,3.8,123,56.6,12.7,35,45.7,0.5,5.8,82.4,25.5,26,365,26.7,62,26,18,74.4,13.6,21.1,109.1,0.6,5.8,9,1581,62.2,31.3,7.38,6.6,31.4,,25.1,25.1,48.3,"ITD37","Rovigo",2025,1108,1210,1225,1261,1248,1327,1418,1611,1578,1656,1649,1768,1874,1857,2015,1972,1997,1942,1842,1932,1979
"Salerno","Campania","SA",51352,96,4,24664,26688,18.763100000000016,2608,48.029288051098305,51.970711948901695,4185,427,4612,90.74,9.26,6413,5512,901,85.95,14.05,184,"29",213,186.62368062278026,183.45658927290975,161.18536353592202,170.11827111584574,9.3,96.4,25.7,22.5,62.4,18513,15845.7,17644.8,0.8,-29.9,173.6,4.4,28.4,52.7,12.1,42.4,54.1,0.3,4,82.1,29,24.9,433,26.2,69.6,20,11,69,11.7,71,134.8,0.7,3.1,28.3,1053,67.6,73.8,7.98,5.8,19.5,,25.9,24.5,43.1,"ITF35","Salerno",2025,7298,7715,7822,7878,8182,8579,8566,8980,8999,9098,9421,9280,9764,9962,10043,10280,10499,10630,10737,11037,11267
"Foggia","Puglia","FG",29388,96.69,3.31,14441,14947,17.174587628865982,1588,49.13910439635225,50.86089560364775,2279,411,2690,84.72,15.28,4372,3461,911,79.16,20.84,277,"5",282,188.09300663801022,188.133860493616,169.19828150831,174.323488836105,6.6,96.7,16.3,26.7,51.6,17949.9,16282.4,14554.2,1,-53.2,112.9,5.7,294.9,49.3,10.8,46.8,57.9,1.5,3.9,82.4,34,26.1,437,26.7,48.1,55,17,68.4,12.7,35.7,164.9,1,9.5,34.2,2304,44.1,11.5,4.04,1.9,9.4,,28.4,25.3,41.9,"ITG25","Sassari",2025,2242,2324,2519,2644,2605,2871,3013,3281,3340,3487,3588,3604,3898,4100,4244,4175,4261,4312,4204,4287,4210
"Bari","Puglia","BA",59898,96.39,3.61,29579,30319,18.5444696969697,3107,49.38228321479849,50.61771678520151,3868,1103,4971,77.81,22.19,8218,6612,1606,80.46,19.54,136,"17",153,203.6245680267155,200.21602811761227,177.00262880922799,183.18278317815276,10.1,98.4,28,18.6,62,19877.1,19379.3,20029.4,0.7,-18.1,140,3.7,40.7,60.1,7.2,39.4,46.7,0.5,2.8,83.3,38.7,20.3,449,17.8,69.3,23,13,77.3,12,75.4,152.6,0.8,3.8,31.4,2808,63.6,70.4,9.74,4.3,9.6,,34.8,32.7,33,"ITC32","Savona",2025,1307,1368,1449,1432,1521,1513,1668,1700,1803,1939,2024,1985,2200,2131,2176,2287,2379,2365,2418,2493,2437
"Taranto","Puglia","TA",26512,98.07,1.93,13224,13288,17.56413502109705,1428,49.87929993964997,50.12070006035003,2016,383,2399,84.04,15.96,3838,2939,899,76.58,23.42,182,"7",189,198.322656490634,196.18360090748627,172.39193795193052,177.8117899358795,7.7,97.4,17.9,28.5,52.7,19957.9,18219,15665.7,1.1,-42.5,151.9,2.9,18.9,47.5,10.6,42.8,52.4,0.5,4.3,82.6,23.5,20,486,33.2,50.2,33,17,74.1,12.2,35.7,180.4,1.1,8.9,15.5,3603,51.5,50.3,9.73,3.8,19.8,,33.3,16.3,62.7,"ITE19","Siena",2025,1536,1524,1619,1719,1629,1787,1830,1932,1971,2077,2170,2214,2320,2332,2448,2459,2377,2464,2419,2472,2501
"Brindisi","Puglia","BR",17390,97.32,2.68,8271,9119,18.831174242424243,882,47.56181713628522,52.43818286371478,1198,325,1523,78.66,21.34,2418,1837,581,75.97,24.03,85,"10",95,193.28027076406823,192.0751331269945,173.60726261068874,179.22176405075527,7.6,97.9,21.6,21.7,53,18635.5,17606.7,16137.9,1,-40.5,210.7,3.2,39.1,57.4,10.3,44.5,52.9,1.6,4,82.4,24.9,16.6,490,23.3,35.2,23,12,71.8,10.6,33.6,174.8,0.9,4.2,13.2,2127,60.3,56.1,10.87,6.8,13.1,,34.8,30.1,36.6,"ITG19","Siracusa",2025,2448,2635,2847,2996,2972,3049,3146,3180,3309,3351,3461,3432,3673,3652,3731,3806,3909,3831,3983,4042,4097
"Lecce","Puglia","LE",36143,96.95,3.05,17616,18527,17.56258503401361,1872,48.739728301469164,51.260271698530836,2610,478,3088,84.52,15.48,4550,4011,539,88.15,11.85,91,"18",109,201.20331608512925,201.87426724983374,179.5886112269485,185.16683475119575,9.7,97.4,22.5,20.4,56.1,18086.9,15675.5,16510.1,0.9,-31,240.6,2.7,49.7,55.6,9.3,36.2,43.9,0.3,3.9,83,26.6,22.1,494,22.3,28.9,24,13,69.7,13.9,31.7,154.9,0.6,5.6,15.6,1239,63.9,70.1,14.4,14,10.7,,32.1,28.3,33.8,"ITC44","Sondrio",2025,1140,1153,1222,1220,1242,1356,1396,1475,1512,1494,1574,1551,1643,1687,1686,1582,1742,1656,1771,1720,1734
"Barletta-Andria-Trani","Puglia","BT",17645,97.42,2.58,8650,8995,18.25180555555556,934,49.02238594502692,50.97761405497308,,,,,,,,,,,116,"17",133,194.21147653059325,190.986274031727,174.803997568037,177.47998545652925,6,97.9,26,21.7,47.8,16710.3,15666.4,16393.8,0.6,-37,114.3,0.8,36,51.8,8.9,42.5,48.7,0.8,3.2,83.1,23.8,19,450,21.2,70.6,31,19,73.2,15.9,54.1,94.8,0.6,8.5,40.7,493,66.4,74.1,7.25,1.9,5.5,,34,31.9,30.4,"ITF43","Taranto",2025,3220,3405,3482,3639,3659,3867,3992,4282,4357,4486,4851,4761,5113,5264,5426,5391,5447,5547,5606,5751,5854
"Potenza","Basilicata","PZ",15774,96.83,3.17,7539,8235,15.101890243902439,956,47.79383796120198,52.20616203879802,1510,499,2009,75.16,24.84,2509,2087,422,83.18,16.82,118,"13",131,200.47339631403,201.019148986808,182.72903970999775,188.8837402842655,10.1,96.6,26.9,16.9,64.3,18380.7,19471.6,16741.4,1.1,-49.1,102,3.2,144.6,59.1,26.6,37.4,46.7,0.6,2.5,82.3,25.2,28.6,339,22.5,42.4,18,,75.4,12.2,11.6,125.4,1,5.5,9.6,868,63.8,46.5,3.46,2.2,164,,28.8,27.9,37.4,"ITF12","Teramo",2025,1752,1920,1975,2020,2085,2151,2161,2380,2470,2465,2527,2563,2663,2660,2747,2698,2826,2798,2766,2942,2980
"Matera","Basilicata","MT",9921,93.72,6.28,4688,5233,15.874609929078014,568,47.25330107852031,52.74669892147969,748,250,998,74.95,25.05,1498,1180,318,78.77,21.23,49,"7",56,195.734226016508,195.66092879832325,171.605776015868,178.73915030045052,10.8,97.5,28.8,16.9,67.1,19223.7,17002.5,18411.7,0.5,-47.9,98.6,1.6,117.1,59.2,35.3,42.3,52.9,,2.1,83,23.2,24.1,386,17.5,44.8,,,71.8,9.9,25.7,138.6,0.5,3.5,5.8,1423,66.6,80.8,2.73,2.1,17.3,,29.7,26.2,34,"ITE22","Terni",2025,1116,1128,1179,1255,1291,1344,1388,1426,1518,1478,1673,1731,1829,1796,1943,1829,1956,2116,2040,1990,2019
"Cosenza","Calabria","CS",30514,95.15,4.85,14625,15889,15.962294685990344,1776,47.92881955823557,52.07118044176443,3038,410,3448,88.11,11.89,4417,3721,696,84.24,15.76,112,"8",120,186.59528845774798,194.12520759066976,170.41929575490303,177.257763120613,6.2,98.2,26.2,28.5,63.5,17813.1,14816.9,16274.8,1.1,-41,99.7,4,64,48,25.7,47.5,59.4,0.7,3.4,81.7,25.3,28.2,407,29,24.1,,,69.2,14.5,15.5,123.7,0.8,8.2,10.3,2508,58.9,50.2,4.4,4.7,39.8,,28.4,20.9,51.6,"ITC11","Torino",2025,12828,13138,13817,14288,14660,15123,15555,16400,17132,17635,18312,18890,19443,19714,20269,20774,20993,20780,20708,20968,21236
"Catanzaro","Calabria","CZ",15655,95.63,4.37,7427,8228,15.788690476190476,901,47.441711913126795,52.558288086873205,1632,255,1887,86.49,13.51,2239,1921,318,85.8,14.2,61,"7",68,191.8353352021465,192.32076643280274,168.53809886681722,178.1961679991245,7.7,93.3,29.3,20.4,63,18954.4,15991.5,17349.9,1.9,-32.5,86.7,7.3,125.8,56.5,14.4,46.9,56.4,0.3,4.4,82.6,49.2,27.8,405,27.8,49.7,,,71.6,12.1,13.5,92.7,0.3,5.2,10,3618,65.5,60.4,6.56,5.1,59.7,,27.2,25.4,48.8,"ITG11","Trapani",2025,2717,2979,3053,3084,3128,3177,3269,3377,3422,3440,3522,3518,3632,3642,3762,3988,4069,4225,4299,4454,4610
"Crotone","Calabria","KR",8168,96.89,3.11,4017,4151,15.606752136752135,488,49.17972575905974,50.82027424094026,803,123,926,86.72,13.28,1263,947,316,74.98,25.02,61,"3",64,182.57248657585677,187.464388115589,161.78619612923774,170.67274667444377,7.8,97.8,16.2,26.7,45.1,16309,14873.6,15414.1,1.6,-55,61.6,2.5,252.7,44,17.7,56.9,67.8,,4.4,81.8,23.4,31.1,429,34.6,47.3,,,69,16.9,4.9,136.4,0.3,6.5,3.7,1295,43.9,18.7,3.82,2.2,3.5,,31.9,22.7,53.4,"ITD20","Trento",2025,3750,3818,4074,4255,4185,4371,4476,4682,4866,4959,5058,5300,5418,5494,5684,5648,5683,5552,5628,5749,5872
"Vibo Valentia","Calabria","VV",7803,95.77,4.23,3739,4064,15.453142857142858,457,47.91746764065103,52.08253235934897,807,30,837,96.42,3.58,1147,955,192,83.26,16.74,36,"1",37,184.281163147005,193.4797563562185,172.3002885877345,175.1571571461225,14.2,100.5,30.8,24,60,17651.6,13387.8,15542.1,1.1,-52.9,79.7,6.6,14.8,47.7,19.6,52.2,63.8,,4.5,82.3,20.9,30.1,398,34.7,26.6,,,62,13.4,2.7,88.4,0.9,7.1,2.7,327,59.4,25.7,5.85,3.3,13.2,,25.9,15.6,61.6,"ITD34","Treviso",2025,5540,5797,6073,6194,6388,6413,6760,7181,7385,7586,7952,8169,8503,8515,8817,8931,9230,9204,9345,9309,9400
"Trapani","Sicilia","TP",19695,95.83,4.17,9509,10186,18.46412935323383,1023,48.28128966742828,51.71871033257172,1721,227,1948,88.35,11.65,2674,2134,540,79.81,20.19,81,"12",93,190.63817809637973,191.49387093779575,172.13945388131526,179.7499642123575,6.3,96,22.6,25,55.3,17963.9,14853.6,16497.3,1.1,-41.1,264.5,3.9,105.6,49.5,10.2,52.2,62,0.5,6.4,81.8,24.7,24.4,436,34.4,67.5,19,8,68.4,11.9,17.6,100.9,0.6,7.3,29.7,2559,78,100,7.78,2.8,7.2,,36.1,23.7,53.2,"ITD44","Trieste",2025,1354,1297,1393,1399,1405,1402,1514,1565,1600,1566,1678,1689,1832,1843,1923,1892,1953,1996,2028,1981,2145
"Palermo","Sicilia","PA",52910,97.06,2.94,25724,27186,17.9267673378076,2788,48.618408618408615,51.381591381591385,4505,1089,5594,80.53,19.47,7607,6154,1453,80.9,19.1,166,"39",205,195.67502654346725,191.60960228671576,165.181520659913,172.19867610914875,7.8,93.9,23.6,29.1,55.5,19885.2,17910.7,17078.4,1.3,-25.9,108.5,2.7,31.7,46.5,5.3,51.9,62.9,0.3,5.4,81.8,41.6,29.5,466,34.3,80.7,32,14,74,12.2,137.7,105.9,0.5,5,46.4,1633,36.7,39.6,5.72,2.1,12.1,,39.3,18.2,55.4,"ITD42","Udine",2025,2834,2823,3015,3065,3269,3243,3410,3551,3769,3784,4062,4146,4304,4280,4539,4656,4567,4634,4707,4733,4753
"Messina","Sicilia","ME",25846,94.99,5.01,12583,13263,16.154404761904757,1470,48.68451597926178,51.31548402073822,2308,659,2967,77.79,22.21,3604,3094,510,85.85,14.15,107,"19",126,198.69555570012176,198.24758803233425,173.52394739535623,179.499787728066,5.5,93.4,19.2,27.3,53.2,19494.6,15684,17818.3,1.2,-35.3,71.8,3.2,11.5,48.8,7.7,42.7,54.5,0.5,4,81.7,47.8,30.2,436,34.8,68.6,21,11,68.7,13.7,19.4,59.6,0.8,4.9,14.5,1525,63.3,47.4,6.03,3.5,6.3,,38.8,26.5,48,"ITC20","Valle d'Aosta / Vallée d'Aoste",2025,639,719,791,765,799,806,909,890,961,995,1065,1051,1158,1218,1172,1231,1236,1255,1279,1193,1220
"Agrigento","Sicilia","AG",19090,96.71,3.29,9244,9846,16.44184343434344,1062,48.42325825039288,51.57674174960712,1722,68,1790,96.2,3.8,2452,2160,292,88.09,11.91,86,"-",86,183.45444777656877,191.84668111280527,170.81462439387576,174.38707663675098,7,98.1,23.6,26.1,58.3,16830.8,15211.1,14802.3,1.2,-50.3,113.4,4.9,69,48.8,9.7,52.4,64.4,0.7,6,81.4,22.7,33.6,473,30.8,36.2,22,10,69.3,15.4,18.9,96.1,0.2,2.4,17.5,953,60.9,55.6,5.78,1.6,99,,36.5,19.7,53.4,"ITC41","Varese",2025,5513,5576,5898,6264,6103,6646,6855,7001,7295,7775,7997,8211,8265,8600,8543,9002,8826,8751,8899,8686,8881
"Caltanissetta","Sicilia","CL",12762,97.79,2.21,6138,6624,16.0398427672956,730,48.09590973201693,51.90409026798307,1096,123,1219,89.91,10.09,1821,1512,309,83.03,16.97,88,"2",90,188.75577451910726,188.56953090199374,167.875573088873,173.69583830087151,5.9,98.1,22.5,33.8,47.6,18107.7,18014.6,15900.4,1.4,-64.7,149.5,2.4,36.8,41.2,8.5,53.8,65.4,,3.1,81.4,25.2,24.3,380,41.5,55.6,21,15,74.4,13.7,21,109.9,0.5,6.2,15.3,273,64.5,43.5,4.8,1.4,10.6,,35.1,20.4,59.6,"ITD35","Venezia",2025,4738,4950,5149,5417,5405,5537,5875,6143,6412,6467,6580,6879,7258,7579,7614,7766,7995,7972,7913,7849,8191
"Enna","Sicilia","EN",6816,97.99,2.01,3296,3520,16.19941441441441,434,48.35680751173709,51.64319248826291,727,143,870,83.56,16.44,1135,946,189,83.35,16.65,35,"4",39,193.73188225944824,194.86616042521098,174.1396534134825,170.010486275323,8.6,97.2,21.6,26.5,54,17924,16321.9,14982.7,0.9,-57.9,84.3,3.2,97.8,51.1,6.2,53.1,63.9,1.9,5.1,81.3,30.1,30.8,345,30,34.1,17,9,72.6,12.8,11,136.2,0.9,6.7,7.1,1033,65.9,69.8,3.23,1.7,18.2,,40.3,26.8,45.4,"ITC14","Verbano-Cusio-Ossola",2025,749,771,788,905,908,834,938,973,1044,1111,1166,1198,1231,1270,1311,1359,1342,1293,1413,1402,1432
"Catania","Sicilia","CT",50235,97.14,2.86,24534,25701,19.31303921568627,2515,48.83845924156465,51.16154075843535,3841,994,4835,79.44,20.56,6711,5694,1017,84.85,15.15,148,"21",169,196.39786176268575,197.74535405225024,175.75440961147999,177.78501711535375,6.9,94.5,20.3,28,55,18478.9,18303.3,17316.3,1.3,-21.3,133.4,2.2,20.5,48.9,5.4,48.4,60,0.7,7.2,81.7,41.9,27.6,462,32.2,61.7,32,12,75.8,12.4,76.4,103.2,1,6.1,36.4,2882,55.8,47.5,7.99,5.8,16.8,,33.7,24.6,46.3,"ITC12","Vercelli",2025,900,978,1008,1048,1048,1061,1154,1202,1225,1295,1323,1317,1441,1364,1407,1507,1448,1554,1496,1490,1462
"Ragusa","Sicilia","RG",15056,90.87,9.13,7390,7666,18.138425925925926,781,49.08342189160468,50.91657810839532,1183,352,1535,77.07,22.93,1935,1645,290,85.01,14.99,47,"5",52,193.60666130805674,192.47677133409675,168.472967270113,178.21822719378224,6.7,94.3,24.4,19.7,53.3,17830.6,15589.8,17653.5,1.1,-32.8,219.4,2.2,28.8,60.5,9.1,51.1,61.6,0.9,5.8,82.3,25.4,19.6,417,20,58.9,31,13,72.1,11.6,26.1,89.3,0.5,5.4,17.3,195,68.3,66.3,10.52,6,22.6,,36.7,37,30.9,"ITD31","Verona",2025,6175,6237,6570,6870,7007,7293,7645,7887,8124,8374,8443,8413,8754,8943,9312,9356,9478,9341,9336,9448,9420
"Siracusa","Sicilia","SR",17714,96.8,3.2,8477,9237,15.457445887445887,1067,47.854804109743704,52.145195890256296,1613,352,1965,82.09,17.91,2712,2181,531,80.42,19.58,62,"14",76,192.07941221500025,190.85071245708974,165.81979615009448,171.84782969566874,8.6,96.8,19.6,33.7,58,19326.8,18227.1,17307.2,1.5,-36.1,169.4,2.9,12,47.7,7.1,51.9,62.6,0.5,5.9,81.5,25,27.6,470,31.9,48.6,27,13,71.9,11.8,47.9,127.4,0.9,5.7,28.1,1174,52.7,30.3,9.09,12.4,8.4,,36.2,20.3,55.7,"ITF64","Vibo Valentia",2025,1111,1113,1116,1091,1167,1153,1204,1214,1203,1274,1316,1257,1369,1350,1460,1419,1534,1559,1570,1645,1646
"Sassari","Sardegna","SS",21254,96.29,3.71,10246,11008,17.10493421052631,1189,48.20739625482262,51.79260374517738,1704,524,2228,76.48,23.52,3506,2369,1137,67.57,32.43,235,"23",258,195.93049494329176,186.725161172581,165.83381959115098,169.65471140762324,9.6,97.3,23.4,20.9,51.1,19870.2,16625.8,18567.8,0.7,-13.8,122.3,2.8,63.8,58.4,8.8,48.8,61.2,0.6,3.4,82.6,41.1,27.4,535,24.3,36.6,21,6,69.8,10.8,40.8,97.7,0.4,3.7,24.2,2989,71.1,73.4,3.68,4.2,18.9,,33.7,30.7,39.1,"ITD32","Vicenza",2025,5744,5725,6048,6282,6231,6314,6650,6760,6953,7240,7579,7579,7994,8107,8326,8582,8782,8712,8818,8947,9258
"Nuoro","Sardegna","NU",8841,98.01,1.99,4216,4625,15.046000000000005,584,47.686913245108016,52.313086754891984,860,273,1133,75.9,24.1,1521,1067,454,70.15,29.85,149,"21",170,194.82266818964473,187.09100696648477,168.197601907609,175.77905299779425,11.2,96.8,23.7,18.7,46.7,19034.7,14675.6,16281.3,0.6,-43.5,54.6,5,88.8,57.5,6.4,46.5,59.7,3.4,3,82.6,29.4,30.4,380,22.9,18.7,,,65.8,9.2,5,53.1,0.8,5.8,10.9,1942,79.6,98.6,2.34,3.3,34.8,,34.8,27.8,37.7,"ITE41","Viterbo",2025,1557,1727,1817,1868,1906,1976,2212,2250,2352,2443,2524,2522,2622,2683,2752,2806,2921,2787,2929,2765,2808
