"Area Geografica","Regione","Provincia","Sigla Provincia","Alunni Totali","Percentuale Alunni ITA","Percentuale Alunni NITA","Totale alunni Femmine","Totale Alunni Maschi","Media Alunni per classe","Totale Classi","Percentuali Alunni Femmine","Percentuali Alunni Maschi","ATA titolari","ATA supplenti","Totale ATA","Percentuale ATA titolari","Percentuali ATA Supplenti","Docenti Totali","Docenti titolari","Docenti Supplenti","Percentuali Docenti Titolari","Percentuali Docenti Supplenti","Posti vacanti per Docente Normale","Posti vacanti per Docente Sostegno","Totale Posti vacanti","Punteggio Invalsi Inglese Listening","Punteggio Invalsi Inglese Reading","Punteggio Invalsi Italiano","Punteggio Invalsi Matematica)","Participation in life-long learning","Participation in the school system of children aged 4-5","People having completed tertiary education (ISCED 5 6 7 or 8)","People not in education employment or training (NEET)","People with at least upper secondary education level (25-64 years old)","Average annual per capita amount of pension income","Average annual salary of employees","Average disposable income per capita","Bad loan entry rate of bank loans to households","Brain circulation (Italians 25-39 years old)","Burglaries reported","Deadly crimes reported","Electricity from renewable sources","Employment rate (20-64 years old)","Hospital patient emigration to a different region","Inadequate level of literacy (students in grade 8)","Inadequate level of numeracy (students in grade 8)","Intentional homicide rate","Irregularities in electric power distribution","Life expectancy at birth","Medical specialists","Municipal councilors under the age of 40","Municipal waste generated","Non-participation rate","Overall Fixed Very High Capacity Network (VHCN) coverage","PM10 Annual average concentration","PM2.5 Annual average concentration","Paid days in the year (employees)","Pensioners with a low pension income","Pick-pocketings reported","Prison density","Road accidents mortality rate (15-34 years old)","Road mortality in non-urban roads","Robberies reported","Seat-Km of public transport networks","Separate collection of municipal waste","Separate collection service for municipal waste","Soil sealing from artificial land cover","Spread of agritourism farms","Urban green","Voter turnout (Regional Councils)","Women municipal councilors","Youth's employment rate (15-29 years old)","Youth's non-participation rate","codice_provincia","anno","Pop25Y0","Pop25Y1","Pop25Y2","Pop25Y3","Pop25Y4","Pop25Y5","Pop25Y6","Pop25Y7","Pop25Y8","Pop25Y9","Pop25Y10","Pop25Y11","Pop25Y12","Pop25Y13","Pop25Y14","Pop25Y15","Pop25Y16","Pop25Y17","Pop25Y18","Pop25Y19","Pop25Y20","nr Studenti Superiori","Indice di svantaggio","Stipendio Medio","Buy Apartment Price | Price per Square Meter to Buy Apartment Outside of Centre","Buy Apartment Price | Price per Square Meter to Buy Apartment in City Centre","Childcare | International Primary School, Annual Tuition per Child","Childcare | Private Full-Day Preschool or Kindergarten, Monthly Fee per Child","Clothing And Shoes | Jeans (Levi's 501 or Similar)","Clothing And Shoes | Men's Leather Business Shoes","Clothing And Shoes | Nike Running Shoes (Mid-Range)","Clothing And Shoes | Summer Dress in a Chain Store (e.g. Zara or H&M)","Markets | Apples (1 kg)","Markets | Bananas (1 kg)","Markets | Beef Round or Equivalent Back Leg Red Meat (1 kg)","Markets | Bottle of Wine (Mid-Range)","Markets | Bottled Water (1.5 Liter)","Markets | Chicken Fillets (1 kg)","Markets | Cigarettes (Pack of 20, Marlboro)","Markets | Domestic Beer (0.5 Liter Bottle)","Markets | Eggs (12, Large Size)","Markets | Fresh White Bread (500 g Loaf)","Markets | Imported Beer (0.33 Liter Bottle)","Markets | Lettuce (1 Head)","Markets | Local Cheese (1 kg)","Markets | Milk (Regular, 1 Liter)","Markets | Onions (1 kg)","Markets | Oranges (1 kg)","Markets | Potatoes (1 kg)","Markets | Tomatoes (1 kg)","Markets | White Rice (1 kg)","Rent Per Month | 1 Bedroom Apartment Outside of City Centre","Rent Per Month | 1 Bedroom Apartment in City Centre","Rent Per Month | 3 Bedroom Apartment Outside of City Centre","Rent Per Month | 3 Bedroom Apartment in City Centre","Restaurants | Bottled Water (0.33 Liter)","Restaurants | Cappuccino (Regular Size)","Restaurants | Combo Meal at McDonald's (or Equivalent Fast-Food Meal)","Restaurants | Domestic Draft Beer (0.5 Liter)","Restaurants | Imported Beer (0.33 Liter Bottle)","Restaurants | Meal at an Inexpensive Restaurant","Restaurants | Meal for Two at a Mid-Range Restaurant (Three Courses, Without Drinks)","Restaurants | Soft Drink (Coca-Cola or Pepsi, 0.33 Liter Bottle)","Salaries And Financing | Annual Mortgage Interest Rate (20-Year Fixed, in %)","Salaries And Financing | Average Monthly Net Salary (After Tax)","Sports And Leisure | Cinema Ticket (International Release)","Sports And Leisure | Monthly Fitness Club Membership","Sports And Leisure | Tennis Court Rental (1 Hour, Weekend)","Transportation | Gasoline (1 Liter)","Transportation | Monthly Public Transport Pass (Regular Price)","Transportation | One-Way Ticket (Local Transport)","Transportation | Taxi 1 Hour Waiting (Standard Tariff)","Transportation | Taxi 1 km (Standard Tariff)","Transportation | Taxi Start (Standard Tariff)","Transportation | Toyota Corolla Sedan 1.6 (or Equivalent New Mid-Size Car)","Transportation | Volkswagen Golf 1.5 (or Equivalent New Compact Car)","Utilities (Monthly) | Basic Utilities for 85 m2Apartment (Electricity, Heating, Cooling, Water, Garbage)","Utilities (Monthly) | Broadband Internet (Unlimited Data, 60 Mbps or Higher)","Utilities (Monthly) | Mobile Phone Plan (Monthly, with Calls and 10GB+ Data)"
"Nord","Piemonte","Torino","TO",89889,87.79,12.21,44502,45387,19.3090731707317,4463,49.5077261956413,50.4922738043587,6246,2738,8984,69.52,30.48,12136,8240,3896,67.9,32.1,534,"93",627,216.091846023438,203.323744506657,183.273749212726,191.493395298672,12.8,93.9,33.1,12,70,23955.5,26426.4,25852.9,0.5,28.5,262.9,1.1,31.2,70.8,3.9,35.6,39.3,0.4,2.1,83.4,33.9,19.6,504,10.7,74.3,35,20,82.5,6.7,472.9,133.3,0.4,2.8,86.4,4592,64.1,40.6,8.58,3.6,27.9,,35,35,19.4,"ITC11",2025,12828,13138,13817,14288,14660,15123,15555,16400,17132,17635,18312,18890,19443,19714,20269,20774,20993,20780,20708,20968,21236,124492,-0.77,1745.58,1275,2033.33,5000,450,85,145,83.33,47.23,2.04,1.67,18.33,4,0.45,9,6,1.4,3.32,2.12,2.12,1.64,14.25,1.47,1.43,2.5,1.37,2.5,2.33,387.5,400,550,675,1.04,1.62,10,4,4,15.5,60,2.76,3.19,1634,8,35,30,1.8,68,1.9,55,2,5,31500,32434,219.5,25.25,9.39
"Nord","Piemonte","Vercelli","VC",7005,88.67,11.33,3340,3665,16.1440476190476,405,47.6802284082798,52.3197715917202,490,327,817,59.98,40.02,1130,762,368,67.43,32.57,92,"17",109,204.286176988633,196.370360299833,175.855978306094,181.563341481564,13.5,96.7,29.2,11.2,62.8,22362.5,24671.4,22579.9,0.7,-24.3,184.5,2.4,44.2,71.4,8.7,41.2,48.8,,1.5,82,26.8,19.9,496,10.5,56.3,22,15,82,5.8,130.2,138.5,1.9,9.2,24.7,391,70.1,85.5,4.99,1.4,32,,35.7,42.2,16.3,"ITC12",2025,900,978,1008,1048,1048,1061,1154,1202,1225,1295,1323,1317,1441,1364,1407,1507,1448,1554,1496,1490,1462,8902,-0.45,1875,1787.5,2750,,256.67,77.5,87.5,80,27.5,2.08,1.36,15.5,5,0.34,10,6,1.41,2.58,2,1.86,1.3,12,1.05,1.64,2.2,1.36,2.62,1.95,424,530,600,825,1.12,1.77,10,5,5,15,70,2.33,3,1520,10,56.25,17.5,1.74,35,1.5,25,1.5,5,31500,28717,247,31.98,12.49
"Nord","Piemonte","Novara","NO",14045,88.02,11.98,7017,7028,18.3252380952381,739,49.9608401566394,50.0391598433606,993,498,1491,66.6,33.4,2013,1383,630,68.7,31.3,166,"31",197,220.381538958229,206.230295788183,182.126463135772,192.844209095821,13.6,94.3,32.1,14.2,64.9,23481.5,25246.5,21826.6,0.6,2.1,232.1,1.7,15.7,74.8,14.1,37.9,40.8,0.8,1.5,83.6,33.4,20.1,504,8.8,43.4,24,16,83,5.4,218.6,113.5,0.3,3.8,37.2,2395,80.4,100,11.2,5.2,14.3,,27.7,40,19.9,"ITC15",2025,2216,2286,2403,2495,2517,2693,2779,2842,2994,3043,3158,3254,3356,3409,3368,3500,3467,3688,3542,3560,3537,21125,-0.48,1866.67,1833.33,3000,16750,700,100,133.33,113.33,34.98,1.65,1.5,21.6,4.5,0.45,12,6,1.5,3.5,2.09,2,1.33,15.5,1.5,1.43,2.25,2.33,3.04,2.67,650,850,900,1300,1.17,1.65,8,5,4.5,18,55,2.33,2.92,1560,10,70,18,1.77,20,1.5,35,2,8,29750,32434,195.5,23.67,11.83
"Nord","Piemonte","Cuneo","CN",24907,90.16,9.84,12752,12155,18.2356038647343,1271,51.1984582647449,48.8015417352551,1746,1005,2751,63.47,36.53,3428,2433,995,70.97,29.03,107,"47",154,222.750905715166,207.968399723558,186.678751881005,197.020652357045,9.5,96.4,23.2,7,63.2,21412,24153,25132.6,0.4,-14.2,294.9,2.2,45.7,75.1,3.7,33.8,34.6,0.5,1.6,83.2,24.6,21.5,515,6.3,50.7,22,12,81.3,6.1,40.8,70.9,0.7,4.6,14.8,2781,71.6,85.6,5.33,6.4,32.5,,30.4,47.4,10.9,"ITC16",2025,3846,3996,4025,4318,4341,4491,4615,4883,5011,5058,5281,5354,5474,5460,5538,5688,5636,5702,5630,5656,5757,33850,-0.62,1770,1192.5,1975,8183.33,614.29,60,90,88,23.66,2.76,2.63,20,9,0.43,16.75,6,0.85,5.06,2.25,0.85,1.15,31.33,1.55,1.8,2.66,2,3.21,3.4,425,550,750,1050,1.12,1.9,10,4.5,3.75,17.5,70,2.58,3.73,1912.5,8.99,34.99,8.99,1.79,53,2.2,13,1.1,5.8,31726.92,32750,366.67,19.99,12.79
"Nord","Piemonte","Asti","AT",7341,85.18,14.82,3413,3928,17.9017391304348,369,46.4923035008854,53.5076964991146,568,314,882,64.4,35.6,1024,671,353,65.53,34.47,70,"17",87,216.630617185766,206.354805068266,182.126282456292,192.301041933714,7.2,93.9,24.1,11.1,61.4,21763.2,23558.9,20783.2,0.9,-15,301.6,2.9,15.4,74,5,37.2,42.1,0.5,1.3,82.8,20.2,20.1,442,9.6,53.8,31,17,82.5,5.9,82.7,127.3,1.3,10.8,15.9,1469,68.9,87.4,7.27,18.8,28.2,,31,39.6,20.9,"ITC17",2025,1215,1200,1257,1315,1349,1409,1401,1573,1644,1643,1684,1764,1834,1798,1806,1890,1950,1940,1931,2030,1969,11547,-0.19,1651.93,1200,2100,8183.33,500,85,120,83.33,35,1.9,2.6,26.02,5.4,0.38,13,6,1.87,3.95,1.85,2.03,2.25,35.75,1.75,2.4,2.66,2.17,3.21,3.4,370,450,443.33,600,1.25,1.63,11,5,4.5,15,60,3,4.05,1651.93,8.5,70,10,1.84,25,1.2,13,5,5.8,31726.92,23250,154.72,22.67,9
"Nord","Piemonte","Alessandria","AL",15306,85.4,14.6,7770,7536,19.2847727272727,744,50.7644061152489,49.2355938847511,1098,514,1612,68.11,31.89,1908,1305,603,68.4,31.6,177,"25",202,217.638183448741,208.72175013765,184.117699313229,189.794792864566,6.9,96.6,22.6,15.9,63.8,22304.1,24681.8,22089.9,0.9,-14.7,343.8,2,22.1,71.2,13.3,40,43.5,0.7,1.3,82.3,29,17.6,484,8.9,49,30,16,83,6.3,162.1,96.2,0.3,2.7,34.4,1047,66.1,59.7,7.14,7.7,27.3,,29.6,37.8,22.2,"ITC18",2025,2104,2262,2380,2315,2460,2536,2668,2855,2914,3014,3092,3156,3311,3401,3468,3552,3596,3593,3622,3558,3648,21389,0.03,1634,1818,3357.76,5100,666.67,75.83,127.5,96.67,42.25,2.07,1.85,14.75,6.5,0.36,9.42,6,1.7,3.6,1.5,2.17,1.13,13.67,1.37,1.42,1.87,1.5,3.16,2.53,597.75,800,953.67,1341.67,1.09,1.75,10,3.5,3,15,60,2.25,3.92,1689.92,7.5,46.26,22.5,1.78,35,1,21,2,5,31500,32434,214.76,27.44,10.33
"Nord","Piemonte","Biella","BI",6135,94.18,5.82,3128,3007,16.0103703703704,338,50.9861450692747,49.0138549307253,441,308,749,58.88,41.12,947,673,274,71.07,28.93,44,"4",48,223.240201463205,208.810327743603,190.849113333095,196.591709846492,14.5,95.7,29.3,8,62.7,22156.4,24889.8,23666.2,0.6,-13.3,136.2,1.8,21.7,75,9.7,33.5,37.1,1.2,1.8,82.7,24.3,19.3,519,8.2,64.5,19,12,84.7,4.9,57.4,93.9,0.3,7.8,16,401,72.7,80.1,7.94,6.6,20.5,,34.5,42.7,15.3,"ITC13",2025,800,866,883,912,947,1001,1058,1010,1177,1140,1225,1230,1335,1294,1383,1409,1439,1523,1500,1508,1481,8762,-0.73,1660,2100,2400,7104,398.9,70,80,60,20,1.25,1.2,17.73,4,0.5,7,5.5,1.44,3.84,1.66,2.77,1,10,1.69,1.15,1,0.8,3.34,2.8,350,520.52,600,675,1,1.53,9.95,4.5,4.25,15,50,2,3.09,1500,6,45,,1.84,20,1.2,21,1.1,4,31333.33,32434,178.87,27.08,8.5
"Nord","Piemonte","Verbano-Cusio-Ossola","VB",7124,92.97,7.03,3420,3704,18.0076666666667,391,48.0067377877597,51.9932622122403,,,,,,,,,,,75,"13",88,220.91135399686,209.659592931064,186.384809337642,195.510036281324,9.4,97,23,16.3,57.6,20849.7,20722,21076.9,0.6,-5,82.5,3.9,211.4,72.6,16.1,34,39.8,0.6,1,83,27.9,21.8,584,9.3,32.1,16,12,77.2,8.9,45.5,134,0.7,4,15.6,1491,73.7,89.6,2.79,1.9,111.1,,35.4,41.3,18.3,"ITC14",2025,749,771,788,905,908,834,938,973,1044,1111,1166,1198,1231,1270,1311,1359,1342,1293,1413,1402,1432,8120,,,950,1816.67,6000,516.67,82.5,146.67,80,40,1.92,1.72,15,7.5,0.5,9.08,6.5,1.22,4.8,2.25,1.5,0.7,11.75,1.54,1.46,2.36,1.67,2.3,2.38,483.33,650,650,800,1.17,1.92,11.5,5,3,15.25,52.5,2.33,3.83,1700,11,85,,1.78,46,1.7,,1.5,7,28250,28000,170,25,10.17
"Nord","Liguria","Imperia","IM",7851,84.23,15.77,3915,3936,18.7013333333333,401,49.866259075277,50.133740924723,616,212,828,74.4,25.6,1083,742,341,68.51,31.49,79,"9",88,213.604248409486,202.356012632572,181.668337628113,183.339699069766,5.3,95.1,18.9,15.2,58.8,19763.8,17682.2,21051.3,0.7,-27,190.1,3.4,10.4,67.3,18.5,43.4,46.7,0.5,1.7,82.3,23.9,20.7,559,11,33.7,,,73.2,8.9,102.5,116.7,0.5,5.2,39.3,753,55.3,41.7,6.38,20.8,6.6,,38.2,39.9,22.2,"ITC31",2025,1213,1187,1266,1315,1381,1342,1406,1516,1580,1566,1631,1645,1698,1707,1743,1810,1886,1867,1772,1924,1902,11002,0.32,1583.33,2180.88,3062.3,12333.33,520,70.23,93.91,79,29.18,2,1.5,14.7,3.85,0.42,10.47,6.5,1.13,3.4,1.85,1.6,1.63,13.33,1.26,1.97,2.07,1.66,2.33,2.72,520.42,641.53,817.47,1215.38,1.19,1.69,10,5,5,13.75,75,2.97,3.06,2115.94,10,29.62,20.5,1.74,40,1.7,35,2,9.2,30907.69,32434,177.66,25.59,7.81
"Nord","Liguria","Savona","SV",10749,89.49,10.51,5332,5417,18.9678571428571,537,49.6046143827333,50.3953856172667,748,260,1008,74.21,25.79,1535,1050,485,68.4,31.6,102,"2",104,213.149335097188,204.708782324124,181.09224280569,189.861757872543,13.9,96.1,25.7,12.5,67.1,22245.5,20107.8,25179.3,0.8,-16.2,287.1,3,23,69.1,18.8,39.7,42.4,1.1,1,83.2,31.5,22.2,581,11.3,30.4,16,11,74.6,6.5,218,,1,1.8,38.5,2648,61.7,51.3,6.72,11.4,5.9,,35.4,35.6,22.5,"ITC32",2025,1307,1368,1449,1432,1521,1513,1668,1700,1803,1939,2024,1985,2200,2131,2176,2287,2379,2365,2418,2493,2437,14118,-0.37,1562.88,766.67,1450,9000,625,76.67,100,75,37.5,2.35,1.9,19,6,0.3,8,6,1.82,3.4,2,2.33,1.27,12.75,1.13,1.4,1.75,1.47,4.23,2.67,325,375,500,616.67,1.18,1.6,9.5,4.5,4,15,60,3,3.4,1660,8,60,22,1.77,33.5,1.7,26,1.5,13,31500,32434,173.33,24.33,7
"Nord","Liguria","Genova","GE",32054,86.62,13.38,15513,16541,18.7099285714286,1568,48.3964559805328,51.6035440194672,2041,808,2849,71.64,28.36,4240,3027,1213,71.39,28.61,222,"20",242,209.940736319216,198.800658343052,178.55562089972,185.725311310584,14.9,96.3,34.7,9.7,75.3,24506.8,25579.5,27105.5,0.5,-0.9,167.9,2,4.5,74.3,11,39.3,44.2,0.9,1.5,83.3,49.8,27,507,10.3,73.6,22,12,79.4,7.5,316.2,129.7,0.3,1.8,78,4747,52.8,19.3,8.03,7.9,24.5,,40.1,41.4,20.3,"ITC33",2025,4647,4698,4804,4899,5073,5162,5281,5647,5699,5905,6277,6330,6616,6566,6935,7254,7319,7210,7390,7443,7484,43551,-1.09,1866.641,3309.86,4535.67,14568,689.25,82.22,132.16,109.15,41.07,2.26,2.44,19.67,6,0.44,11.09,6.2,1.68,3.53,2.81,2.53,1.23,19.09,1.2,1.57,2.38,1.7,3.15,2.72,779.38,1015.08,1427.27,1865.45,1.54,1.99,12,6,5,20,80,3.33,3.22,1908.74,9,57.36,24,1.81,39,2.3,29,1.5,4.1,32375,32434,220.97,27.47,10
"Nord","Liguria","La Spezia","SP",8653,87.55,12.45,4229,4424,15.9765217391304,438,48.8732231595978,51.1267768404022,634,173,807,78.56,21.44,1062,782,280,73.63,26.37,52,"7",59,213.330515054163,209.476613851735,177.399261292599,190.565845358267,13.3,96.1,28.4,11.8,74.7,24048.2,21891.5,21205,0.6,0.2,179.1,1.4,5.6,72.3,23.1,39.6,44.2,0.9,2.3,83.4,27.7,22.3,552,10.1,39.8,20,11,78.5,7.2,182.3,100.7,0,4.1,34.4,3589,76.2,95.4,7.99,16.9,13.3,,36.5,38,22.9,"ITC34",2025,1228,1252,1226,1300,1370,1402,1458,1598,1592,1579,1628,1735,1777,1787,1792,1851,1901,1860,1974,1835,2020,11213,-0.32,1537.5,4295.37,6494.46,6000,516.67,103.33,146.67,132.5,40,1.92,1.72,15,7.5,0.58,9.08,7,1.22,4.8,2.8,3,1.1,11.75,1.54,1.46,2.36,1.67,2.3,2.38,768.5,851.75,1356.25,1474.44,2,2.3,12,5,4,15.25,52.5,3,3.83,2156.09,11,60,19,1.82,44.5,2,,1.5,7,31500,32434,187.78,25,10.17
"Nord","Lombardia","Varese","VA",38196,89.19,10.81,18939,19257,21.8807407407407,1707,49.583726044612,50.416273955388,2229,781,3010,74.05,25.95,4345,3114,1231,71.67,28.33,412,"40",452,221.849879012366,211.145665848141,187.394152695509,195.465405054453,12,93.1,35.6,10.3,69.5,22765.7,26059,22989,0.5,2.6,317.8,1.6,10.7,75.3,4.9,31,34.9,0.2,1.4,83.9,28.4,23.2,466,8.1,44.1,20,15,83.7,8.6,139.7,176.1,0.3,1.2,31.4,3166,78.1,99.1,21.03,7.5,20.3,38.5,37.7,42.5,18.1,"ITC41",2025,5513,5576,5898,6264,6103,6646,6855,7001,7295,7775,7997,8211,8265,8600,8543,9002,8826,8751,8899,8686,8881,52707,-0.86,2163.56,1945.93,3047.25,14833.33,800,102.31,139.62,100.42,39.55,2.6,2.23,20.75,7.5,0.55,11.27,6,2.24,3.99,2.97,2.18,1.5,21,1.83,1.83,2.23,1.97,3.34,2.85,680.58,834.67,1227.5,1707.5,1.48,2.35,12.75,6,6,20,77.5,3.04,3.44,1733.77,14,37.66,23.6,1.8,39,1.7,28,1.42,8.5,33150,32434,292.69,27.83,12.92
"Nord","Lombardia","Como","CO",17869,89.33,10.67,9097,8772,20.24671875,859,50.9093961609491,49.0906038390509,1445,513,1958,73.8,26.2,2085,1645,440,78.9,21.1,118,"31",149,227.429406005497,213.211479688212,191.484046524443,198.282350671727,12.8,95.1,34.8,9.9,68.5,22332.4,24241.2,23047.4,0.4,-1.6,365.8,1.2,12.9,73.3,3.2,29.4,33.1,,1.5,84.1,23.1,27.7,468,8.8,44.9,22,15,81.8,8.2,95.5,179.6,0.2,3.6,31.8,2480,71.2,88.3,12.28,13.6,20.7,39.1,35.7,43.3,15.8,"ITC42",2025,3743,3805,3912,4060,4197,4385,4525,4752,5084,5194,5228,5369,5627,5634,5760,5949,5972,5858,5902,5895,6011,35336,-0.8,2012.2,1100,1550,5100,666.67,70,120,75,30,2,1.75,14.75,6,0.3,9.42,5.5,1.27,3.28,1.5,1.3,1.13,13.67,1.37,1,1.6,1.5,2,2,450,516.67,700,866.67,1.09,1.75,9.45,3.5,3,13.5,60,2.25,3.92,1650,7.5,53.75,10,1.77,70,1.2,21,2,5,31500,32434,214.76,24.5,10.33
"Nord","Lombardia","Sondrio","SO",7714,94.26,5.74,3849,3865,19.8555555555556,390,49.8962924552761,50.1037075447239,631,270,901,70.03,29.97,1018,693,325,68.07,31.93,115,"11",126,222.576304368088,211.87942801563,188.17066451856,199.114396722116,12.5,97.9,24.5,11.3,68,20976.5,21771.5,22372.4,0.2,-17.6,95.6,3.9,449.6,69.1,3.1,29,23.6,,1.3,83.4,22.4,21.7,476,9.2,60.2,22,16,76.9,8.8,19,123.1,1.4,4.1,11.2,264,55.8,4,2.67,4.1,303.1,38,39.4,42.5,21.6,"ITC44",2025,1140,1153,1222,1220,1242,1356,1396,1475,1512,1494,1574,1551,1643,1687,1686,1582,1742,1656,1771,1720,1734,10157,-0.18,,2088.94,2885.82,7200,466.67,85.83,107.14,85,41.17,2.28,1.6,19.11,7,0.54,10.62,6.5,1.49,3.14,2.26,1.59,1.27,17.8,1.37,2.05,2.04,1.72,3.2,2.55,589,783,916.67,1309,1.34,1.76,10,5,4,20,77.5,2.81,3.27,1608.03,10,46.25,21.67,1.78,34.5,1.3,28,1.35,8.5,32028.57,32434,140.4,26.89,8
"Nord","Lombardia","Milano","MI",112941,83.5,16.5,57301,55640,19.837825,5408,50.7353396906349,49.2646603093651,7119,2772,9891,71.97,28.03,13934,9982,3952,71.64,28.36,882,"110",992,219.199392119883,207.490255451286,183.597523207561,193.840263673728,17.3,91.8,42.6,9.6,75.6,26348.5,34343,34885.3,0.3,33.4,295,2.5,6.5,76.5,4.5,33.5,35.2,0.5,1.8,84.2,44.3,23.4,464,8.4,78.1,32,21,82.7,6,905.5,131.6,0.5,2.6,128.8,16310,68.7,49.2,31.88,9.8,18.8,41.6,33.5,41.7,17.1,"ITC45",2025,21335,21742,22678,23224,23273,24479,25726,26532,27439,28289,28817,28907,29925,30306,31063,31808,32122,31652,32297,32033,33167,190975,-1.98,1928.56,5411.47,7362.86,,270,56.67,85,84.75,25,2.92,2.87,13.75,5,1,11.25,6.5,1.96,3.85,1.44,2.67,1.21,11.75,1.57,1.7,2.97,2.05,3.12,2.31,425,560,637.5,910,1.08,1.8,9.5,5,3.5,15,55,1.92,4.73,1440,10,36,10,1.77,35,1.85,40,,2.5,30075,30000,169.39,28.17,8.15
"Nord","Lombardia","Bergamo","BG",43955,87.13,12.87,22634,21321,20.6555614035088,2074,51.4935729723581,48.5064270276419,2879,1050,3929,73.28,26.72,5080,3843,1237,75.65,24.35,441,"31",472,224.624410714118,213.416522453798,190.203146926269,198.233795249766,8.7,92.5,25,11.3,57.4,22531.8,26083.3,23867.1,0.5,-2.8,291.3,2.8,19.8,73,2.6,33.9,35.2,0.5,1.8,83.6,23.8,22.9,464,5.6,54.2,26,20,84.2,6.6,96,176.2,0.5,2.5,40.1,3145,80.5,98.3,11.97,6.9,25.8,44.5,34.5,44.7,12.4,"ITC46",2025,7378,7481,7701,8026,8101,8705,8960,9536,9836,9964,10539,10651,11109,11522,11747,12104,12010,11911,12050,11857,11939,71679,-0.4,2115.94,1360,2029.97,6000,400,75,115,76.67,29.17,1.86,1.53,14,7,0.4,10.66,6,1.6,3.12,1.46,1.62,1.12,10,1.12,1.13,1.26,1.42,2.32,2.33,338.17,540,680.2,1030,1.63,2.02,10,6,3.75,15,50,2.62,3.55,1631.62,8.75,55,13.5,1.8,32.5,1.4,30,2,7,31500,32434,228.05,32.6,8.83
"Nord","Lombardia","Brescia","BS",48642,85.8,14.2,24983,23659,18.7506932153392,2369,51.3609637761605,48.6390362238395,3186,1391,4577,69.61,30.39,5980,4349,1631,72.73,27.27,388,"53",441,225.084060594184,213.233676773097,188.489938660633,199.094898503104,7.9,94.4,26.7,10.2,62.8,21628.8,24587.7,22705.5,0.5,-2.4,356,2.8,28.6,72,4.5,37.5,39.3,0.5,1.5,84.1,29.6,28.1,530,6,42.1,31,21,82.3,6.3,169.5,196,0.7,5,45.1,6519,77.2,98.1,10.5,7.6,25.3,45.3,36.2,45.6,11.5,"ITC47",2025,8326,8704,8897,9133,9432,9768,10265,10621,11081,11406,11556,11874,12159,12603,13284,13384,13448,13462,13467,12965,13220,80010,-0.4,1733.77,,2400,,,,,,,,,,,,9.8,5.8,,3.6,,,,,1.4,,,,,2.8,450,550,700,800,1,1.4,9,4.5,5,20,80,2,4.9,1100,,,,1.82,34,1.4,,,,,,250,35,10
"Nord","Lombardia","Pavia","PV",19476,84.07,15.93,9472,10004,18.4528968253968,978,48.6342164715547,51.3657835284453,1433,434,1867,76.75,23.25,2465,1760,705,71.4,28.6,159,"28",187,217.00239424417,202.789609012721,181.018629552023,190.989108223914,8,91.2,26.1,16.2,63.9,23004,22843.5,21323.2,0.6,3.3,370.6,2.4,23.7,72.9,7.8,35.7,40.1,1.3,1.8,82.3,43.8,21.9,491,9.8,35.3,29,19,81.5,6.4,179.2,120.9,0.3,4.9,39.8,3544,59.9,37,9.57,7.3,24.7,38.5,37.7,37.1,22,"ITC48",2025,3320,3350,3592,3552,3665,3885,4073,4151,4354,4555,4481,4613,4768,4764,4907,5125,5157,5010,5038,5132,5101,30369,-0.09,1888.67,1793.99,4355.76,16750,700,100,152,113.33,34.98,1.65,2.06,21.6,7,0.5,12,6,1.85,3.86,2.09,2.25,1.33,15.5,1.75,1.43,2.6,2.33,3.42,2.67,675.2,990,1260,1676,1.36,1.8,12,6,5.25,20,77.5,3.08,2.92,2012.2,10,30.75,28.75,1.79,40.75,1.9,35,2,8,31500,32434,195.5,27.4,11.76
"Nord","Lombardia","Lecco","LC",12896,91.68,8.32,6348,6548,20.2875,608,49.2245657568238,50.7754342431762,875,362,1237,70.74,29.26,1512,1093,419,72.29,27.71,105,"10",115,230.088347402134,217.676507228278,196.545750579569,204.87042900565,15.1,94.5,35.9,9.2,66.3,23724,26766.8,24704.8,0.4,-7.9,307,3,8.1,73.5,2.7,27.2,28.3,0.6,1.3,84.4,24.6,19.2,489,4.6,36.2,19,14,84.9,6.3,67.2,132.1,0.9,3,33,2122,78.6,96.3,12.06,8.6,15.8,44.9,32.6,43.6,12.6,"ITC43",2025,2060,2080,2141,2158,2248,2433,2472,2728,2670,2969,2820,2981,3135,3198,3380,3371,3445,3396,3334,3458,3314,20384,-0.98,2016.67,1150,1600,2500,260,75,105,92.72,36.67,2.17,1.83,13.67,7,0.38,10,6,1.6,3.05,1.66,2.67,1.13,11.33,0.99,1.56,1.97,1.17,3,2.25,333.33,450,587.5,820,1,1.6,10,5,4,15,50,2.17,3.09,1362.5,7.5,41.25,15,1.76,27.5,1.2,20,1.1,4,27166.67,27500,178.87,27.08,8.5
"Nord","Lombardia","Lodi","LO",9812,86.76,13.24,4650,5162,18.3725490196078,518,47.3909498573176,52.6090501426824,695,240,935,74.33,25.67,1276,826,450,64.73,35.27,68,"10",78,220.122217284566,208.181294715136,184.470795784193,195.545362317856,9.1,92.7,22.4,13.4,59.2,23182.4,25459.9,20091.3,0.6,-1.4,253.4,0.9,50.2,73.1,11.6,34.3,38.2,0.4,1.7,83.4,21.9,19.1,422,7.8,41,30,21,84.4,6.8,95.2,191.1,0,3.3,35.8,1022,74.8,99.8,12.36,5.1,56.7,40.8,36.3,40.4,17.5,"ITC49",2025,1574,1547,1661,1726,1696,1854,1852,1988,2099,2124,2191,2140,2211,2250,2274,2473,2329,2376,2346,2351,2369,14149,0.03,2000,1200,2300,2000,446.67,76.67,101.25,94.83,20,2.15,1.81,16.25,6,0.3,10.6,6,1.31,3.36,1.78,2.03,1,14,1.2,2.37,2.3,1.99,2.1,1.8,475,650,800,1150,1.43,1.57,8,5,4,15,70,2.92,3.92,2050,8,44.83,18,1.81,30,1.38,20,2,7,34500,32434,143.97,19.9,6.5
"Nord","Trentino-Alto Adige","Trento","TN",,,,,,,,,,,,,,,,,,,,,,,229.552017210744,212.232961377497,188.665667470284,197.48937153454,17.1,95.8,35.1,9.7,75.3,22854,22434.9,24944.2,0.2,1.8,183.6,1.8,92,75.6,15.3,32,30.9,0.6,1,84.5,25.7,21,493,7.1,77.6,22,15,75.9,6.3,93.6,87.2,0.7,3.5,16.7,3707,81.2,98.3,3.36,8.1,400.9,58.4,34.8,46.3,13.1,"ITD20",2025,3750,3818,4074,4255,4185,4371,4476,4682,4866,4959,5058,5300,5418,5494,5684,5648,5683,5552,5628,5749,5872,33944,,1669.08,3333.33,4666.67,8000,510,94.71,147.75,98.63,30,2.25,2,19,8,0.5,13,5,1.75,3.67,2,2.14,0.75,18.67,1.56,1.67,2.5,1.67,3.17,3,333.33,400,512.5,625,1.05,1.7,8.5,6,4.5,15,65,3.33,3.19,1770,9,120,25,1.78,40,2.5,55,2,3,26833.33,25000,127.5,26.36,9.39
"Nord","Veneto","Verona","VR",35711,86.51,13.49,18541,17170,20.935119047619,1592,51.9195766010473,48.0804233989527,2245,785,3030,74.09,25.91,4108,3137,971,76.36,23.64,293,"46",339,224.241891719244,213.575972288232,189.661341172943,198.100822214944,13.3,94.5,34.6,10.4,70.4,21937.5,24239,24656,0.4,1.7,374.7,3.1,24.3,77.9,6.4,33.8,33.4,0.4,1.6,84,37.3,29.5,501,5.3,61.4,32,20,80.7,6.1,205,158.8,1.1,3.4,51.5,3048,72.4,71.7,13.38,16,28,,31.4,41.6,14.2,"ITD31",2025,6175,6237,6570,6870,7007,7293,7645,7887,8124,8374,8443,8413,8754,8943,9312,9356,9478,9341,9336,9448,9420,56271,-0.99,1623.81,1600,2050,9000,300,85,92,91.67,30,2.73,1.3,22.2,4,0.3,10,6,1.28,4.13,2.5,1.83,1.7,16,1.5,2.2,3.45,2.15,3.95,2.75,475,566.67,800,1125,1.08,1.73,10,5,5,16.5,60,2.3,3.37,1441,8,33.33,14.5,1.79,26.75,2,30,1.75,7.5,32750,32434,125,25,8.56
"Nord","Veneto","Vicenza","VI",39187,90.26,9.74,19782,19405,19.855462962963,1826,50.4810268711563,49.5189731288437,2350,962,3312,70.95,29.05,4855,3591,1264,73.96,26.04,442,"116",558,226.924028585208,213.807631963776,188.199876792632,198.362865503203,13.8,94.4,31.9,12.3,68.4,21769.3,25652.2,24987.5,0.7,-9.5,304.7,2.3,14.5,75.5,5.7,30.5,31.8,0.1,1.2,84.2,22.4,29.2,447,6.3,53.6,32,25,84.5,6.3,88.2,130.1,0.4,5.2,28.5,3300,79.4,98.9,12.53,8.9,28.4,,32.9,45.3,12.5,"ITD32",2025,5744,5725,6048,6282,6231,6314,6650,6760,6953,7240,7579,7579,7994,8107,8326,8582,8782,8712,8818,8947,9258,52167,-0.77,1853.57,3398.66,5609.62,14959.75,668.75,86.31,132.33,94.91,35.22,2.64,2.27,22.96,7,0.6,10.78,6.8,1.8,4.1,2.3,2.73,1.64,23.23,1.66,1.67,2.95,2.01,2.89,2.59,862,1306,1615.56,2457.78,1.31,2,13,6,7,24.5,65,2.88,3.16,1814.66,12,65.27,18.88,1.82,39,1.7,27.6,1.1,3.3,31500,32434,197.39,28.98,9.99
"Nord","Veneto","Belluno","BL",7421,93.95,6.05,3541,3880,16.6225,429,47.7159412478103,52.2840587521897,674,368,1042,64.68,35.32,1152,779,373,67.62,32.38,155,"37",192,221.519400014651,210.055791757682,187.326456101243,198.865421063239,10.3,96.1,31.7,5.2,69.7,21938.3,23776,24403.7,0.4,-14.8,165.7,4.5,189.3,76.4,6.4,29.7,28.7,0.5,1.5,83.1,25.3,24.1,503,4.3,45,20,12,80.4,6.4,18.7,110,0,4.7,10.1,2093,85.8,100,2.84,4.3,25,,35.8,45.8,8.9,"ITD33",2025,1078,1076,1145,1234,1239,1217,1324,1339,1367,1442,1467,1500,1598,1708,1735,1715,1804,1734,1823,1814,1889,10625,-1.01,1700,2400,2750,7104,398.9,80,112.14,92.72,30,2.19,1.83,17.73,7,0.53,10.72,6,1.85,3.87,1,2.77,1.13,13.72,1.45,1.56,2.13,1.57,3.34,2.8,425,500,550,650,0.93,1.96,10,5,4.25,15,70,2.17,3.09,1666.67,9,50,15,1.79,35,2.1,21,1.1,4,31333.33,30000,178.87,27.08,8.5
"Nord","Veneto","Treviso","TV",37788,89.43,10.57,18738,19050,19.8947072072072,1811,49.5871705303271,50.4128294696729,2369,888,3257,72.74,27.26,4630,3456,1174,74.64,25.36,466,"63",529,225.818827976527,212.244347019213,188.911925877335,198.365825259844,11.5,91.3,24.5,11.6,67,21796,25358.3,23521.7,0.6,-9.6,306,2,25.9,74.7,6.6,33.6,33.7,0.8,1.9,84.4,22.1,25.3,414,8,50.7,32,21,84.2,6.3,53.6,160.9,1.1,5.7,18.7,3029,89.1,100,16.65,14.2,24,,29.1,45.5,16,"ITD34",2025,5540,5797,6073,6194,6388,6413,6760,7181,7385,7586,7952,8169,8503,8515,8817,8931,9230,9204,9345,9309,9400,54836,-0.38,1671.22,1025.31,3215.26,11030,325,65.72,109.82,81.62,34.11,2.41,1.9,18.13,7,0.48,11.2,6.24,2.04,4.27,2.15,2.62,1.51,16.07,1.67,1.66,2.61,1.88,3.04,2.96,532,771.27,827,1270,1.22,1.79,12,6,5,15,70,2.7,3.46,1866.41,8,46.53,14,1.8,48,2,30,1.2,6,31500,32434,214.82,28.61,9.45
"Nord","Veneto","Venezia","VE",31713,88.39,11.61,15478,16235,20.0335680751174,1520,48.8064831457131,51.1935168542869,2215,798,3013,73.51,26.49,3925,2740,1185,69.81,30.19,448,"22",470,223.90976474569,211.712117085449,183.808665846671,193.290502048206,16.6,95.5,30,9.5,66.9,22671.8,22466.4,23894.1,0.6,-11.3,347.9,2.4,17,74.6,7.2,35.1,36.2,0.4,2,83.7,25.3,30,602,7.4,59.5,33,23,77.5,6.3,806.5,110.3,0.9,7.6,52.9,10522,72.9,62.9,14.24,6.1,48.5,,33,42.5,14,"ITD35",2025,4738,4950,5149,5417,5405,5537,5875,6143,6412,6467,6580,6879,7258,7579,7614,7766,7995,7972,7913,7849,8191,47109,-0.7,1499.97,800,1000,9666.67,563.33,63.12,50,106.44,39.45,1.6,1.6,17.2,6,0.35,11.25,6.5,1.57,4.18,2.27,2.3,1.26,14.99,0.9,1.85,2,1.9,3.05,2.84,,,,650,1.33,1.8,10,5,4,12,50,3,3.26,1833.33,10,40,,1.71,38.05,1.45,35,2,10,31500,32434,100,25.95,9.27
"Nord","Veneto","Padova","PD",37325,88.9,11.1,18731,18594,20.3309756097561,1765,50.1835231078366,49.8164768921634,2341,840,3181,73.59,26.41,4339,3269,1070,75.34,24.66,406,"53",459,227.804614557596,214.801594707783,190.782859729305,202.042380935709,14.4,93.8,38.1,8.3,70.1,22579.8,25486.2,24502.1,0.5,4.1,347.8,2,16.9,76.8,4.9,31.6,31.6,0.6,1.6,84.1,40.4,22.6,517,5.5,64.5,34,25,84.3,6,150,130.5,0.5,2.7,30.1,4481,75.8,77.7,18.61,9.4,44.9,,32.7,48.5,10.3,"ITD36",2025,5671,5715,6130,6378,6212,6583,6942,7191,7424,7661,7996,8330,8556,8616,8906,9072,9165,9098,9151,9019,9271,54411,-1.17,1719.49,1500,2466.67,10994,120,85,99,84.17,27.5,1.91,1.65,14.75,5,0.34,10.65,5.75,1.18,2.92,2.64,1.32,1.3,12.97,1.29,1.46,2,1.38,2.6,2,381.25,487.5,620,750,1,1.62,12,5,4,20,60,2.5,3.07,1675,7.75,50,25,1.77,34.5,1.5,22,1.3,4.8,31500,31217,175.6,27.75,13.16
"Nord","Veneto","Rovigo","RO",8462,89.78,10.22,4161,4301,17.4046153846154,454,49.172772394233,50.827227605767,649,260,909,71.4,28.6,1184,848,336,71.62,28.38,129,"36",165,219.160079736759,208.330229043143,184.729491652268,191.816119501027,6.6,95.4,23.5,17.5,55.3,20668.6,21233.8,19658.1,0.7,-21.4,289.4,2.2,40.4,71.3,10.4,38,37.6,,2,82.8,29.4,23.3,534,10.8,56.5,31,23,80.2,5.5,95.7,128.9,0.5,3.2,16.7,1497,78.3,96.3,8.42,3.3,38,,26.3,43.9,16.5,"ITD37",2025,1108,1210,1225,1261,1248,1327,1418,1611,1578,1656,1649,1768,1874,1857,2015,1972,1997,1942,1842,1932,1979,11700,0.21,1550,1816.67,2383.33,7104,398.9,83.75,112.14,92.72,28.33,2.19,1.83,16.67,7,0.53,10.33,5.6,1.37,3.87,1.66,1.45,1.12,13.72,1.51,1.56,2.13,1.57,3.34,2.8,387.5,500,762.5,943.75,1.09,1.62,9.5,5,4,15.5,50,2.17,3.09,1750,7.5,50,12.5,1.8,30,1.3,21,1.1,4,30833.33,28250,178.87,27.08,8.5
"Nord","Friuli-Venezia Giulia","Udine","UD",20424,90.22,9.78,10398,10026,15.8896666666667,1158,50.9106933019976,49.0893066980024,1613,556,2169,74.37,25.63,2821,2125,696,75.33,24.67,215,"14",229,227.3453626094,214.372259171398,189.542694576717,195.741736787855,14.9,94,33.4,10.8,74.3,22645.3,23670,23419,0.6,-5.3,328,2.3,25.7,74.2,6.5,31.1,33.2,0.4,2,83.7,33.2,24.1,533,7.2,58,23,14,81.4,6.4,74.4,123.4,0.7,2.5,19.9,3388,74.6,88.5,6.83,9,22.1,47.9,38,39.3,16.7,"ITD42",2025,2834,2823,3015,3065,3269,3243,3410,3551,3769,3784,4062,4146,4304,4280,4539,4656,4567,4634,4707,4733,4753,27836,-0.75,1682.7,1400,2766.67,4500,500,72.5,70,77.5,42.25,1.9,1.7,14.5,6,0.36,9.42,6,1.25,2.28,1.5,2.17,1.13,11,1.32,1.42,1.7,1.5,3.16,2,423.33,533.33,800,1075,1,1.75,9,3.5,3,15,60,1.88,4.82,1450,7.5,73.33,50,1.76,,1,21,2,5,31500,32434,153.75,25.33,10.33
"Nord","Friuli-Venezia Giulia","Gorizia","GO",5633,85.74,14.26,2748,2885,16.488,325,48.7839517131191,51.2160482868809,452,171,623,72.55,27.45,844,620,224,73.46,26.54,74,"6",80,226.825605785424,209.744294808072,183.444307999395,192.853327855819,11.9,93.7,26.1,12,69.2,23978.1,22220.4,19961.1,0.7,-6.2,127.3,2.9,35.6,69.9,7,40.8,44.8,1.4,2.1,83.2,23.8,25.4,553,9.8,52.6,18,13,79.2,5.9,50.6,128.3,0,4.1,17.4,1062,71.4,94.5,12.99,27.2,140.2,45.5,32,41.8,13.1,"ITD43",2025,824,932,969,857,938,927,974,1054,1031,1111,1037,1084,1166,1230,1219,1198,1264,1246,1311,1311,1290,7549,-0.08,1833.33,1500,3500,3000,746,94.71,120,98.63,47.23,1.65,0.99,6.4,2.3,0.5,13.23,6,0.61,2.46,2.69,2.14,1.64,6,1.47,1.19,3,1.5,3.2,1.2,500,750,600,1350,1.5,1.48,10,5,5,15,70,3.25,3.19,2016.67,8.25,25,10,1.86,57,2,55,2,5,32250,32434,168.11,25,9.39
"Nord","Friuli-Venezia Giulia","Trieste","TS",8548,91.11,8.89,4304,4244,15.8885714285714,480,50.3509592887225,49.6490407112775,603,228,831,72.56,27.44,1140,877,263,76.93,23.07,74,"2",76,233.100204532705,219.541303095149,189.574528504307,197.786266980459,19.9,94.1,41.1,12.8,74.6,25871.8,25925.8,24886,0.4,12,267,3.1,8.9,76.6,5.9,34.6,36.8,0.4,0.7,82.8,51.8,27.6,512,9.5,81.1,19,12,81,5.9,101.4,156.7,0.5,1.9,65.6,6205,50.8,3.4,20.75,25.9,62.7,40.6,40.9,39.8,18,"ITD44",2025,1354,1297,1393,1399,1405,1402,1514,1565,1600,1566,1678,1689,1832,1843,1923,1892,1953,1996,2028,1981,2145,11773,-1.14,1742.01,1861.81,2315.33,,300,76,80,85,30,2.25,2,17.2,8,0.3,14.83,5.2,2.34,4.4,1.93,4.25,1.12,18.33,1.45,1,2.5,1.88,2.92,2,560.29,649.43,1009.83,1243.33,1,1.64,9,5,3.5,21.5,70,2.7,3.55,1449.28,10.5,45,18.5,1.76,35,1.73,45,,6,31500,28717,272.5,26.6,8
"Nord","Friuli-Venezia Giulia","Pordenone","PN",13388,88.02,11.98,6576,6812,19.5462222222222,667,49.118613683896,50.881386316104,813,363,1176,69.13,30.87,1669,1212,457,72.62,27.38,161,"8",169,227.787533227788,213.818430534147,189.90296628922,195.894512572413,14,97.5,20.7,9.6,70.3,22467.6,24687.6,24164.8,0.4,-11.1,313.5,0.6,46.7,72.8,11.5,35.4,35.1,0.3,1.8,84,27.4,25,507,6.2,36.8,23,16,83.9,6.7,27,124.3,0.3,1.7,13.8,1813,85.4,99.7,8.43,4.2,44,44.1,39.3,37.2,14.1,"ITD41",2025,1879,1991,2072,2167,2178,2290,2346,2440,2587,2583,2755,2842,2834,2947,3024,3145,3127,3171,3142,3021,3130,18630,-0.3,1675,2166.67,2900,6500,520,70.23,89,79,29.18,2,1.5,14.7,3.85,0.32,10.47,5.4,1.13,2.1,1.85,1.6,1.63,13.33,1.26,1.97,2.07,1.66,2.25,2,420,500,925,1100,1.19,1.69,10,5,5,13.75,65,2.97,3.06,2000,10,58.33,22.5,1.74,36.25,2.15,25,1.05,3.5,25500,26000,177.66,25.59,7.81
"Nord","Emilia-Romagna","Piacenza","PC",12241,82.8,17.2,6216,6025,20.4051282051282,563,50.7801650191978,49.2198349808022,759,447,1206,62.94,37.06,1511,1069,442,70.75,29.25,109,"9",118,219.785151212825,211.074540475793,184.796543650209,191.32412452138,11.1,93.3,25.7,11.2,65.3,23098.5,24380.1,23913.6,0.6,2.4,344.5,2.5,39.2,75.5,16.7,38.6,42.1,0.4,1.2,83,26.6,26.5,699,8.9,61.5,29,19,81.3,7,166.3,96.4,1,3.5,31.9,2208,72.6,92.6,7.68,6,28.4,,38.3,45.5,17.5,"ITD51",2025,1912,2042,2012,1898,2036,2223,2291,2222,2378,2430,2531,2528,2575,2530,2614,2696,2621,2657,2700,2683,2740,15971,-0.49,1783.33,1900,3575,10125,400,97.5,150,81.67,42.5,2.41,1.9,18.13,7,0.48,13.16,6.24,2.04,4.27,2.21,2.62,1.66,16.07,1.67,2.41,2.61,1.88,3.04,2.96,600,700,900,1300,1.22,1.79,12,5,5,16.5,70,2.7,4.06,1588,8.5,63.33,47.5,1.8,31,1.7,25.25,1.45,5.8,31500,32434,229.91,28.74,12.79
"Nord","Emilia-Romagna","Parma","PR",20849,84.08,15.92,10346,10503,20.1545736434109,940,49.6234831406782,50.3765168593218,1186,695,1881,63.05,36.95,2348,1751,597,74.57,25.43,191,"13",204,222.89498069239,214.967877258197,184.994088993605,194.756648885234,13.8,89.3,29.3,8.4,69.5,24165.3,27869.1,27083.2,0.5,18.1,340.1,3.1,16.9,76.8,6.7,36.7,40,0.7,1.4,83.9,40.1,21.4,596,8.4,60,27,15,82.4,6.3,371.9,108.1,0.2,3.1,62.5,3956,79.7,93,7.6,4.2,87.8,,39.4,44.2,11.8,"ITD52",2025,3057,3212,3248,3444,3428,3602,3632,3787,3957,3998,4067,4096,4146,4215,4417,4477,4368,4446,4286,4424,4324,26418,-0.98,1753.23,1350,1900,8040,350,75,40,60,29,2,2,20,7,0.33,10.75,6,1.25,3.75,2,2.73,0.5,15,1.3,1.67,2,2,2,2.59,333.33,433.33,600,750,1.07,1.62,9.5,5,4.25,15,65,2.17,3,1616.67,8.5,46.67,21.67,1.82,30,1.38,27.6,1.1,3.3,31500,32434,197.39,26.33,8.5
"Nord","Emilia-Romagna","Modena","MO",35569,85.62,14.38,17627,17942,21.1101960784314,1602,49.5571986842475,50.4428013157525,1877,1061,2938,63.89,36.11,4263,3056,1207,71.69,28.31,260,"33",293,220.840900600897,210.976769131962,183.968811078225,194.374068278632,14.5,94.9,30.6,9.5,66.6,23245,27671.5,26076.9,0.4,15.7,364.3,3.5,15.7,76.1,5.5,38.8,38.6,0.7,1.2,83.8,38.6,25.1,621,8.3,54.3,30,18,83,6.5,243.5,107.8,0.8,3.4,48,2267,78.6,91.5,10.97,5.2,75.6,,36.2,45.5,15.7,"ITD54",2025,4816,4786,5232,5217,5138,5223,5620,5843,6100,6122,6229,6436,6846,6896,7139,7078,7233,7135,6992,7056,7058,42633,-0.91,1846.73,2200,4250,5000,625,79.33,110,89.67,27.67,2.58,1.56,21,7,0.37,9,5.75,1.2,3.4,2.19,1.5,1,15,1.55,2.25,2.88,1.5,4.38,2.8,593.33,745,866.67,1387.5,0.8,1.75,8.95,4.5,4.5,11.75,65,2.5,3.03,1737.5,10,55,30.33,1.78,53.5,2.05,35,1.5,4,30833.33,29500,178.33,23.4,7.71
"Nord","Emilia-Romagna","Bologna","BO",39349,85.74,14.26,19387,19962,19.9981944444445,1796,49.2693588147094,50.7306411852906,2401,996,3397,70.68,29.32,4728,3558,1170,75.25,24.75,153,"14",167,221.661484783835,206.749478085723,183.068248172388,194.724333613507,17.5,95,45.2,11.3,77.5,25519.8,27603.1,28560.7,0.3,36.7,356.2,3.3,15.7,78.4,3.3,33,35.8,0.6,1.1,83.9,44.9,24.1,571,6.8,62.6,22,14,82.5,5.4,404.9,163.5,0.7,4,83.6,4004,73.5,81.2,8.93,6.1,22.1,,34.6,40.7,17.3,"ITD55",2025,6567,6567,6938,7091,7108,7319,7765,7810,8139,8436,8609,8681,8883,9005,9073,9550,9323,9526,9618,9510,9676,56600,-1.65,1908.74,4644,9531.08,17284,746,94.71,147.75,98.63,47.23,2.52,2.17,20.58,8,0.5,13.23,6.5,1.75,4.52,2.69,2.14,1.64,19.18,1.56,1.83,3.11,2.21,3.88,3.26,1050.38,1539.58,1864.29,3195.24,1.66,1.87,12,6,6,20,90,3.33,3.19,1928.56,12,78.36,31,1.86,39,2.2,55,2,7,32250,32434,219.5,26.36,9.39
"Nord","Emilia-Romagna","Ferrara","FE",16130,85.94,14.06,7821,8309,20.0888888888889,751,48.4872907625542,51.5127092374458,898,436,1334,67.32,32.68,2056,1453,603,70.67,29.33,183,"12",195,214.156876812379,203.144796031974,176.570459065784,187.570462368391,13,92.4,30.2,12.5,65,22071.7,21600.4,23503.7,0.6,6.2,287.5,3.8,28,74.1,8.5,38.3,42.9,0.6,1.1,82.9,44.8,29,634,8.1,56.6,28,20,78.7,5.4,176.4,156.6,0.7,3.9,34.2,1342,77.1,93.5,7.08,2.2,64.1,,37.8,39.9,19.2,"ITD56",2025,1750,1837,1938,2002,1919,2162,2195,2282,2348,2334,2519,2627,2690,2796,2930,3016,2949,2886,2936,2913,2916,17630,-0.56,1441,1952.22,3192.77,13452.5,512.5,75.67,95,86.83,37.5,2.36,2.23,19,8,0.62,12.5,6,1.36,4.48,2.23,2.3,1.25,18,1.32,1.5,2.86,2.16,2.76,1.5,590.25,755.56,1211.67,1512.5,1.43,1.73,11.9,6,5,20,80,2.69,3.29,1846.73,10,70,20.33,1.78,35,2,28.85,1.28,5.9,31500,32434,171.21,27.85,11.87
"Nord","Emilia-Romagna","Ravenna","RA",16636,87.35,12.65,8115,8521,22.2969444444444,760,48.7797547487377,51.2202452512623,972,501,1473,65.99,34.01,2030,1439,591,70.89,29.11,139,"41",180,221.066835595658,204.164936074765,181.057403851912,192.223570570367,11.1,96.2,33.7,12.8,67.4,22804.4,23068.8,24555,0.3,6.5,388.8,5.2,36.8,74.7,2.8,34.5,36.3,0.5,2.2,83.9,31.8,18.8,727,7.1,59.4,26,14,76.7,5.4,154.1,163.3,0.1,2.7,25.1,1108,78.2,98.1,10.25,6.5,48.3,,38.8,40,15,"ITD57",2025,2207,2300,2370,2521,2593,2653,2901,2945,2977,3116,3215,3284,3357,3554,3665,3739,3782,3736,3871,3673,3737,22466,-0.78,1700,2607.55,3918.71,17220,746,83.33,147.75,98.63,37.5,2.35,1.62,20.58,5,0.57,12.66,6,1.67,2.96,2,2,1.27,19.18,1.26,1.4,3,1.83,3,3.26,695.5,920,1138.33,1720,1.18,1.75,10,5,5.5,19,80,3.33,3.19,1757.63,12,42.5,35,1.79,60,2.7,31,1.1,7,31500,32434,174.6,24.33,9.39
"Nord","Emilia-Romagna","Rimini","RN",14999,84.79,15.21,7404,7595,20.7989743589744,711,49.3632908860591,50.6367091139409,844,463,1307,64.58,35.42,1889,1391,498,73.64,26.36,82,"18",100,215.974692826088,203.770654708865,184.461206904068,190.970571373267,13,93.2,34.5,13.1,69.5,20000.2,17809.2,23671,0.5,5,400.2,2.4,13.4,71.1,5.2,32.5,36,1.5,1.2,84.5,34.3,26.6,715,11.3,41.3,27,16,68.1,8.6,509.2,128,0.3,1.4,83.3,3719,68.8,84.1,12.55,7.6,21.5,,38.9,34.7,22.5,"ITD59",2025,1914,1958,2093,2096,2242,2362,2495,2590,2711,2936,3033,3045,3168,3171,3421,3366,3471,3449,3344,3390,3332,20441,-0.65,1505.62,1931.73,4143.94,7104,398.9,86.07,112.14,92.72,38.07,2.19,1.83,17.73,7,0.53,10.72,6.2,1.85,3.87,1.66,2.77,1.13,13.72,1.69,1.56,2.13,1.57,3.34,2.8,602,896.36,992,1730.82,1.09,1.98,10,5,4.25,15.5,70,2.17,3.09,1623.94,10,51.92,17.62,1.84,41,1.5,21,1.1,4,31333.33,32434,178.87,27.08,8.5
"Centro","Toscana","Massa-Carrara","MS",8224,91.61,8.39,3995,4229,16.5787254901961,463,48.5773346303502,51.4226653696498,,,,,,,,,,,97,"12",109,207.856243276112,196.187169690042,177.367634209823,184.932319644741,14.1,97.5,27.2,9.4,68.2,22082.5,20917.3,20257.6,0.6,-19.5,275.5,1.6,16.5,70.3,12.7,37.2,42.4,0.5,1.9,82.8,31.3,16.5,591,10.5,60.4,20,11,77.8,8.1,143.6,129.3,0.9,2.1,12.8,1315,69.5,68,7.24,11.1,17.8,,31.9,45.2,20,"ITE11",2025,942,941,1016,1026,1003,1050,1159,1259,1271,1240,1353,1452,1543,1564,1579,1513,1722,1631,1680,1691,1620,9816,,1500,1700,2500,9000,455,112.5,110,50,30,2.25,1.5,12,5,0.65,8,5.6,1.67,2.9,1.7,2,0.9,10,1.27,0.99,3,1.75,1.98,2.62,390,575,700,950,1.5,1.53,9,5,4.5,15,50,3,3.62,1866.67,10,70,17,1.76,34,1.5,31,1.1,4,29250,24460,160,26.75,9.17
"Centro","Toscana","Lucca","LU",16806,90.94,9.06,8269,8537,18.0737407407407,858,49.2026657146257,50.7973342853743,1213,388,1601,75.77,24.23,2343,1622,721,69.23,30.77,90,"6",96,209.771775084294,197.858347199026,175.336398289423,185.204278252845,13.2,95.1,26.4,12.2,65.6,21704.2,22094.2,23617.4,0.6,-0.4,426.8,3.1,13,70.7,5.7,36.8,44.5,0.3,2.2,83.3,28.2,21.4,652,11.7,42.1,25,,77.7,7.9,179.9,103.2,0.3,3.5,35.3,1237,77.5,94.1,9.14,14.3,18,,32.3,39.6,20.8,"ITE12",2025,2010,2043,2121,2325,2254,2512,2556,2719,2832,2862,2997,3151,3401,3297,3423,3367,3691,3608,3621,3668,3552,21378,-0.35,1588,2350,2925,7200,290,85.83,107.14,85,41.17,1.97,1.6,16,7,0.34,10.33,6,1.49,3.14,1.83,1.45,1.27,14.75,1.37,1.23,2.04,1.3,2.5,2.33,650,800,833.33,1216.67,1.34,1.7,9,3,3,20,77.5,2.81,3.27,1737.5,10,32.5,25,1.78,15,1.2,28,1.35,8.5,31500,32434,140.4,23.67,8
"Centro","Toscana","Pistoia","PT",13588,87.21,12.79,6572,7016,17.7155952380952,692,48.3662054754195,51.6337945245805,911,300,1211,75.23,24.77,2068,1411,657,68.23,31.77,64,"14",78,215.859115890892,199.488226339171,178.925301239741,191.992335918525,13.5,94.8,22,9.7,58.2,20579.8,21035.1,21071.5,0.8,-6.5,352.9,2.1,14.7,70.5,5.3,35.3,37.7,0.3,2,83.9,24.4,17.2,523,9.9,41.3,20,,81,7.1,72.4,89.5,0.4,1.3,27.9,760,63.2,50.4,10.26,25.4,21.5,,32.2,39.6,17.5,"ITE13",2025,1589,1680,1807,1833,1876,1973,2168,2200,2206,2402,2470,2416,2623,2686,2670,2711,2830,2766,2769,2734,2780,16480,-0.09,1733.33,1984.46,3565.31,9666.67,563.33,63.12,107.42,106.44,39.45,2.2,2.08,17.2,6,0.35,11.25,6.5,1.57,4.18,2.27,2.3,1.26,14.99,1.39,1.85,2.38,1.9,3.05,2.84,727.33,950.89,1140,1587.5,1.33,1.85,12,6,4.5,20,70,3,3.26,1719.49,10,51.5,24.83,1.78,45,1.7,35,2,10,31500,32434,227.07,25.95,9.27
"Centro","Toscana","Firenze","FI",41403,85.42,14.58,20368,21035,18.6113857677903,2057,49.1945028138058,50.8054971861942,2512,983,3495,71.87,28.13,5589,4145,1444,74.16,25.84,201,"18",219,211.726138393855,198.116427964289,174.973396691872,187.29180469357,14.1,96,39.2,11.1,73.8,23810.9,24515.4,26194.5,0.4,12.9,433.7,1.7,5.2,76.6,6.2,36.4,38.1,0.6,1.4,84.7,45.1,19.5,553,7.9,67.8,30,14,81.3,5.6,753.1,107.5,0.5,3.2,136.6,7055,68.2,62.5,7.38,25,26.7,,41.5,32.9,24.2,"ITE14",2025,5912,5956,6308,6527,6504,6684,7054,7447,7632,7741,8289,8316,8788,8759,9139,9261,9484,9453,9569,9794,9924,56700,-1.22,1814.66,1152,2346,,383.33,63.8,111.5,76.8,27.6,2.62,1.94,15.2,6.75,0.37,10.6,6,1.9,2.62,1.62,2.66,1.62,13.2,1.15,1.33,2.6,1.49,2.7,2.5,444,658.33,649.4,990,1.1,1.83,10,5,3.5,13.5,50,2.08,3.8,1379.07,8,41.33,28.33,1.77,32,1.4,34,1,3,31500,32434,200.93,23.83,9
"Centro","Toscana","Livorno","LI",14475,90.58,9.42,6958,7517,17.7103418803419,705,48.0690846286701,51.9309153713299,937,275,1212,77.31,22.69,1972,1318,654,66.84,33.16,141,"6",147,207.19786195413,194.637510495363,173.963631223654,184.115168556455,11.1,95.7,24.2,13.4,68.1,23546.9,20404.2,23645.4,0.7,-0.2,315.1,3.4,8.7,71.3,7.3,40.5,44.6,1.2,1.9,83.5,27.5,13.3,672,9.9,38.9,22,10,74.5,7.7,158.4,75.1,0.7,2.9,31.9,2169,61,32.2,10.22,33.6,15.2,,34.9,34.8,19.5,"ITE16",2025,1709,1732,1865,1921,1875,2029,2204,2309,2336,2450,2550,2570,2774,2799,2931,2982,2993,3087,3112,2974,3124,18079,-0.23,1449.29,2078.95,3060.2,4000,575,85,158,90,38.33,1.98,1.92,15.4,7,0.51,11.5,6,1.42,4.28,2.67,1.68,1.5,22.75,1.27,1.2,1.71,1.38,2.67,2.37,578,790,1105,1496,1.43,2.2,10.5,5,5.5,18,60,2.88,3.72,1753.23,10.5,56.67,24.33,1.76,36.5,1.7,25,1.3,5,31500,32434,209.85,25.48,11.25
"Centro","Toscana","Pisa","PI",17791,89.46,10.54,8662,9129,19.495,859,48.6875386431342,51.3124613568658,1172,418,1590,73.71,26.29,2445,1740,705,71.17,28.83,66,"6",72,210.855789968383,198.969522267719,177.29923094501,187.749422509869,16.5,92.5,34.8,11.4,69.4,22850.5,23202.2,22022.6,0.5,10.1,482,1.9,134.1,75.1,5.1,33.9,37.1,0.5,2.7,83.7,55.3,20.3,581,8.9,47.2,22,13,81.4,7.4,260,115.5,0.5,4.6,30.2,2929,69.4,73,7.03,22.7,23.3,,33.6,40.2,17.1,"ITE17",2025,2548,2669,2635,2803,2854,2904,3107,3220,3384,3519,3687,3698,3774,3842,4039,3966,4053,4023,3903,3955,4009,23939,-0.72,1531.12,1860,3034.09,6291.75,500,96.67,110,78.33,50,2.25,1.62,30.33,5,0.42,9.75,6.2,1.54,2.96,2.88,1.38,1.83,28.33,1.34,2.67,2.17,1.83,3,2.62,468.17,694,845.43,1046,1.42,1.53,9,5,5,20,70,3,3.62,1888.67,11.5,46,25,1.77,52.17,1.6,31,1.1,4,31500,32434,214,26.75,9.17
"Centro","Toscana","Arezzo","AR",16274,88.93,11.07,8129,8145,18.831282051282,806,49.9508418335996,50.0491581664004,1178,392,1570,75.03,24.97,2274,1622,652,71.33,28.67,121,"19",140,216.572201859849,201.953002023272,180.031038417876,188.212261721888,8.4,96.2,31.9,8,64,21608.5,22152.7,21759.7,0.6,-14.1,333,2.1,22.4,77.9,8.2,33.9,35.1,1.2,1.8,83.6,28.6,22.2,576,8,44.3,22,13,82.9,6.7,87.8,37,0.8,6,22.2,1846,56.4,29.6,5.35,22.1,30.1,,38.6,43.4,12,"ITE18",2025,2024,1983,2045,2237,2226,2272,2284,2457,2613,2575,2731,2709,2900,2997,2973,3017,3107,3178,3126,3142,3286,18543,-0.78,1912.5,935.85,1643.34,3575,533.33,60,82.5,71.98,32,1.4,1.51,16,5.5,0.24,11,5.5,1.4,3.83,1.86,1.75,1.38,15.25,1.22,1.56,1.59,1.27,1.9,2.25,382.57,433.33,655,907.14,1.38,1.57,10,5,5,15.5,65,2.7,4.05,1408.67,7.5,40,30,1.73,55,1.5,25,1.15,3,30825,32434,149.25,27.5,7.75
"Centro","Toscana","Siena","SI",12451,87.79,12.21,5897,6554,17.669009009009,619,47.3616576981769,52.6383423018231,769,325,1094,70.29,29.71,1680,1153,527,68.63,31.37,98,"8",106,210.801861948933,198.083794341982,180.748402198514,190.114362822462,10.4,95.5,28.6,10.9,64,23597.8,23055,23248.5,0.5,-11.2,363,3.1,108.6,76.9,6.3,32.8,34.8,,2.2,84.2,57.3,20.2,572,6.4,50.8,18,,80,6,87.5,127.6,0,2.4,18.8,3950,63.4,52.9,4.03,33.8,34.4,,35.2,38.3,17.4,"ITE19",2025,1536,1524,1619,1719,1629,1787,1830,1932,1971,2077,2170,2214,2320,2332,2448,2459,2377,2464,2419,2472,2501,14639,-0.61,1692.5,1626.67,2933.33,9000,516.67,78.75,116.25,110,33.33,2.32,1.82,15.75,7,0.53,12.33,6,1.74,3.51,1.8,2.3,1.9,17.17,1.62,1.5,2.41,1.57,2.58,2.45,535.4,693.8,765.4,1016,1.3,2.28,10,5,4,20,60,2.8,3.47,1495.58,8,51.67,23.4,1.77,40,1.75,20,1.5,6,30125,30217,215,31.82,12.48
"Centro","Toscana","Prato","PO",12559,75.64,24.36,5867,6692,18.4301515151515,616,46.7155028266582,53.2844971733418,757,310,1067,70.95,29.05,1673,1177,496,70.35,29.65,67,"13",80,213.315883383677,198.819810973841,173.096108966489,195.133504933046,6.5,92,22.6,8.9,48.2,21343.3,19647.8,24218.2,0.5,-10.1,311.4,0.8,8.5,76.7,5.6,47.7,42.3,0.8,1.7,84.5,26.8,20.1,569,7.1,87,23,16,81.8,6.2,97.3,95.8,0,,124.9,726,71.1,100,14.32,13.1,27.7,,25.9,49.3,12.6,"ITE15",2025,1389,1532,1509,1678,1735,1823,1968,2123,2198,2154,2300,2333,2527,2538,2720,2748,2792,2801,2904,2866,2682,16831,-0.5,1912.33,1650,2666.67,,360,72.5,126.67,86,37.25,2.7,2.5,22,6,0.4,11.47,5.7,1.71,3,2.8,3.17,1.25,13.3,1.43,1.75,2.67,1.7,3.62,2.4,480,580,750,866.67,1.18,1.68,10,5,4,20,70,2.83,4.8,1783.33,11,45,27.5,1.8,50,2,15,2,7,32375,28000,244.05,28.75,13.66
"Centro","Umbria","Perugia","PG",29716,87.98,12.02,14154,15562,17.7923504273504,1511,47.6309059092745,52.3690940907255,2309,741,3050,75.7,24.3,4466,3236,1230,72.46,27.54,155,"7",162,208.872544524329,199.404448199901,179.153008078852,185.711258791229,14.5,97.3,33.8,10.5,73.8,21509.9,21013.8,22204.8,0.7,-12,334.4,2.8,21,73.6,12.9,29.8,35.4,0.5,1.8,84,37,22.9,548,8.9,55,21,13,80,8.5,95.8,103.2,1,2.8,25.8,2312,67.2,71.3,5.47,17.1,63.6,,37.9,36.6,18.6,"ITE21",2025,3595,3687,3865,4125,4130,4454,4573,4805,5094,5154,5417,5589,5850,5917,5955,6054,6341,6224,6221,6313,6159,37108,-0.69,1408.67,3015,3304.17,8183.33,614.29,120,243.47,103.09,93.11,3.18,2.68,26.02,9,1.37,16.75,8.1,3.61,7.11,2.51,4.71,2.41,35.75,2.02,2.41,4.2,3.5,3.21,3.4,818.99,1073.5,1375.33,1740.91,1.81,2.42,13,5,5,19,80,3.55,4.31,1531.12,12,55.15,25.12,1.92,42.5,2.3,13,5,5.8,31726.92,32750,366.67,56.21,12.79
"Centro","Umbria","Terni","TR",9637,88.38,11.62,4672,4965,17.918950617284,512,48.479817370551,51.520182629449,634,231,865,73.29,26.71,1382,965,417,69.83,30.17,95,"4",99,212.987454126736,206.049547426405,185.574598430419,191.061974911821,11.6,96.4,31.3,10.6,73.4,22168.6,20923,19957.1,0.8,-23.5,312.9,4.2,68.8,66.2,16.7,30.2,36.9,0.5,1.9,83,36.2,24.7,443,13.6,58.1,31,17,80.2,9.3,106.1,122,0.3,2.4,17.1,1163,74.3,97.8,4.67,10.4,157.1,,41.4,28.7,20.4,"ITE22",2025,1116,1128,1179,1255,1291,1344,1388,1426,1518,1478,1673,1731,1829,1796,1943,1829,1956,2116,2040,1990,2019,11874,-0.25,1316.67,1983.33,2616.67,2400,400,76.67,101.25,93.33,30,2.15,1.81,16.25,6,0.51,10.6,5.75,1.31,3.06,1.78,2.03,1.04,18.33,1.25,1,2.32,1.6,3,1.25,416.67,666.67,716.67,1000,1.23,1.47,10,5,4,16.75,70,3.22,3.92,1733.33,9,66.67,25.67,1.81,49.35,1.7,20,3,7.5,33750,28000,143.97,24.4,7.33
"Centro","Marche","Pesaro e Urbino","PU",,,,,,,,,,,,,,,,,,,,,,,210.066837750242,199.52972548228,176.196126438207,186.600373354937,10.1,96.9,32.6,9.7,63.7,20661.2,21626.7,23682,0.6,-10.7,232.6,3.1,28.1,74.5,22.1,32.7,36.4,0.9,2,84.1,23.9,25.4,554,8.6,53.2,25,16,79.7,9.1,82.6,102.1,1,5.1,17.1,624,74,100,6.73,13,26.8,,35.3,41.2,17.6,"ITE31",2025,1895,2053,2193,2308,2289,2396,2478,2653,2807,2907,2972,3186,3142,3430,3295,3380,3488,3419,3508,3613,3503,20703,,1293.75,1160,1820,10400,360,89,70,93.43,31,1.98,1.33,15.5,4,0.37,9.25,5.8,1.33,3.13,2.67,2.2,1.5,11.38,1.17,1.1,2,1.35,2.5,2.62,483.33,600,723.33,960,1.3,1.77,11.9,5,5,15,60,2.83,3.17,1675,8,45.33,0,1.78,41,2,29.5,1.65,2.7,31500,30217,194.47,25,8.89
"Centro","Marche","Ancona","AN",22482,89.96,10.04,10880,11602,18.9366954022988,1130,48.3942709723334,51.6057290276666,1600,638,2238,71.49,28.51,3157,2288,869,72.47,27.53,99,"4",103,214.249287093729,201.702938279182,180.848894352995,189.030330019561,13.6,95.3,38.8,10.2,73.8,22843.1,22171.3,21269.7,0.5,-8.2,158.9,1.5,19.9,73.7,9.2,33.7,37.3,0.9,1.8,84,45.7,23.3,501,8.9,64.6,23,15,79.6,6.9,90.9,118.8,0.6,2.5,22.1,3733,71.4,75.4,9.08,10.7,53.2,,39.1,33.3,20.8,"ITE32",2025,2535,2778,2718,2927,3039,3128,3246,3378,3628,3824,3863,4010,4165,4280,4462,4587,4672,4558,4463,4453,4606,27195,-0.84,1520,1900,2900,14959.75,512.5,86.31,132.33,90,35.22,2.36,2.27,19,7,0.6,10.78,6,1.36,4.1,2.23,2.3,1.25,18,1.32,1.5,2.95,2.16,2.76,2.56,550,666.67,800,950,1.31,1.73,11.9,6,5,20,70,2.88,3.29,1912.33,10,38.33,,1.82,35,2,27.6,1.1,3.3,31500,32434,197.39,27.85,11.1
"Centro","Marche","Macerata","MC",14828,89.9,10.1,7337,7491,18.6555555555556,745,49.4807121661721,50.5192878338279,1092,447,1539,70.96,29.04,2015,1519,496,75.38,24.62,68,"12",80,210.861253524304,199.828492256146,179.028588571667,187.328307348811,7.8,93.6,32.9,12.5,65.6,20561.2,19912.4,22260,0.7,-16,139,3.6,44.5,70.2,11.5,29.1,31,,2.2,84,24.3,21.1,511,10.3,53.6,18,11,77.8,7.2,41.8,,0.2,2.7,11.2,2087,74.2,98.1,5.69,10,21,,35.7,35.4,22,"ITE33",2025,1797,1905,1905,2078,2088,2137,2224,2388,2477,2485,2597,2542,2658,2807,2873,2946,2841,2931,2839,2866,2883,17296,-0.5,1616.67,1900,2833.33,6000,553,76.67,101.25,94.83,31.5,2.42,2.08,21.76,7,0.51,10.6,5.5,1.25,3.8,1.78,1.55,1.97,15.59,1.55,1.73,3.24,1.51,2.6,1.8,500,683.33,750,1026.67,1.1,1.82,10,5,4,16.75,70,3.2,3.12,1700,9.5,50,35,1.79,37.5,1.75,20,3,7.5,31500,29050,103.43,30.67,7.33
"Centro","Marche","Ascoli Piceno","AP",16771,90.26,9.74,8016,8755,18.7444186046512,812,47.7967920815694,52.2032079184306,795,290,1085,73.27,26.73,1293,1064,229,82.29,17.71,58,"6",64,204.417787885887,196.63764449292,176.892021167555,184.866363567462,10.1,99.6,38.2,5.9,69.6,20535.1,19805.2,21661.8,0.5,-22,201.8,1,41.4,72.5,11.7,31.5,35.8,,1.4,83.9,29.4,27.1,557,5.5,63.8,16,9,75.5,9.7,44.7,101,0.5,4.3,14.4,2004,68.4,91.8,6.44,13.1,16.3,,33.7,34.7,10.9,"ITE34",2025,1135,1194,1208,1260,1298,1273,1352,1432,1547,1575,1696,1688,1679,1717,1775,1792,1886,1788,1836,1843,1951,10920,-0.97,1666.67,,,10994,453.67,85,99,84.17,27.5,1.91,1.65,14.75,5,0.34,10.65,6,1.18,2.92,2.64,1.32,1.3,12.97,1.29,1.46,2,1.38,2.6,2.06,400,500,700,800,0.5,1.2,12,5,5,18,75,2,3.07,,7,50,15,1.78,,1.3,22,1.3,4.8,31500,32434,221.25,28.75,7.25
"Centro","Lazio","Viterbo","VT",13089,90.69,9.31,6369,6720,19.2075438596491,654,48.6591794636718,51.3408205363282,928,363,1291,71.88,28.12,1858,1218,640,65.55,34.45,110,"3",113,202.429830870773,192.125269932663,173.547874068508,177.652808627609,9.6,95.3,22.5,18.5,64.9,21105.7,17740.2,18872.1,0.8,-12.9,221.3,4.2,96.9,61.9,19.8,34.6,43.2,0.3,2.6,82.3,23.7,23.4,410,16.3,46.8,17,9,75.7,9.1,61,148,0.5,4.1,17.8,759,66.5,63,4.61,15,12.4,44.1,32.3,33.5,29,"ITE41",2025,1557,1727,1817,1868,1906,1976,2212,2250,2352,2443,2524,2522,2622,2683,2752,2806,2921,2787,2929,2765,2808,16960,0.57,1561.42,2081.38,3582.84,10994,453.67,85,99,84.17,27.5,1.91,1.65,14.75,5,0.34,10.65,6,1.18,2.92,2.64,1.32,1.3,12.97,1.29,1.46,2,1.38,2.6,2.06,579.6,724.6,803.6,935,1.49,2.02,12,5,5,18,75,3.12,3.07,1505.62,9.25,34.68,23.33,1.78,30,1.5,22,1.3,4.8,31500,32434,221.25,28.75,7.25
"Centro","Lazio","Rieti","RI",6776,90.51,9.49,3119,3657,15.2463095238095,402,46.030106257379,53.969893742621,683,241,924,73.92,26.08,1068,791,277,74.06,25.94,43,"3",46,206.346277017106,202.06491621458,176.036694959058,186.28357074339,11.8,97.8,24,11.9,66.3,21464.6,18480.3,16619.1,0.9,-32.8,212.8,2.7,65.1,66.3,19.4,40.6,50.8,0.7,2.7,82.3,24.7,24.2,401,16.3,66.6,22,16,74.3,10,45.2,142.4,1,7.2,8.6,2432,58,41.4,3.16,7.1,347.8,43.8,29.6,43.1,17.2,"ITE42",2025,812,843,880,889,925,962,939,1028,1025,1091,1135,1152,1189,1252,1226,1312,1318,1308,1379,1341,1404,7884,0.3,,2940.09,7469.42,14334.09,420.12,63.1,105.71,73.16,32.89,2.27,2.05,17.05,3.5,0.45,10.86,6.1,1.41,4.13,1.9,2.35,1.18,13.34,1.54,1.35,2.09,1.25,1.99,2.72,790.38,1080.43,1554.35,2260.87,1.28,1.92,10,5,6,15,60,2.6,3.52,1719.74,10,60.35,24.92,1.78,35,1.5,30,1.5,6,31083.33,31750,182.34,27.13,10.44
"Centro","Lazio","Roma","RM",176941,89.97,10.03,86772,90169,20.3073001949318,8311,49.0400755053945,50.9599244946055,10630,3946,14576,72.93,27.07,21730,16373,5357,75.35,24.65,948,"71",1.019,209.820189984415,199.077822884921,175.879465393067,180.797606811598,15.5,87.1,42.2,12.1,77.8,25232.1,25293.8,25507.9,0.6,13.6,318.4,3.5,7.1,70.4,5.3,35,42.9,0.6,2.2,83.2,48.7,22.1,528,11.6,78.8,31,13,77.4,10.5,754.5,126.4,0.5,2.6,71.3,7213,53,24.7,13.18,6.2,17.2,35.2,33,33.3,23.5,"ITE43",2025,25447,26698,27721,29001,29416,30857,32793,34027,35696,36813,38258,38520,41008,41051,41844,42065,42431,42795,42735,41635,42090,253505,-1.11,1719.74,2500,4500,14334.09,250,63.1,105.71,73.16,32.89,1.83,1.75,14.97,3.5,0.33,10.86,6.1,1.41,3.6,1.55,1.98,0.9,13.34,1.3,1.35,1.5,1.25,1.99,2.1,637.5,875,1125,1550,1.2,1.92,10,5,4,12.5,40,2.3,3.52,1466.67,10,50,10,1.78,38,1.5,30,1.5,6,31083.33,31750,74.9,26,10.44
"Centro","Lazio","Latina","LT",25237,92.73,7.27,12318,12919,16.582868852459,1395,48.8092879502318,51.1907120497682,1924,679,2603,73.91,26.09,3848,2751,1097,71.49,28.51,159,"8",167,205.246648408061,201.08370588202,176.454558657449,181.63375720337,12.7,91.4,19.6,18.7,56.7,19545,19338.5,18033.8,0.9,-21.6,241.4,3.9,18,61.7,8.8,42.7,53.7,0.9,3.2,82.6,24.9,19.7,479,15,50.1,,,75.4,12.1,108.5,168.8,1.1,6,32.3,642,63.9,61,10.04,5.5,16.7,39.8,31,31.6,25.8,"ITE44",2025,3432,3731,3848,4079,4019,4326,4631,4816,4925,4884,5124,5340,5440,5559,5678,5639,5613,5587,5680,5539,5658,33736,0.75,1750,1200,1666.67,7200,466.67,76,66.67,85,41.17,1.5,1.2,14,7,0.4,10.5,6,1.49,2.8,1.67,1.5,1,15.67,1.3,1.5,1.5,1.4,2,2.5,466.67,475,787.5,862.5,1.34,1.76,8,5,4,20,70,2.81,3.27,1300,8,40,16.67,1.78,34.5,1.3,28,1.35,3.5,32028.57,32434,140.4,26.89,8
"Centro","Lazio","Frosinone","FR",21663,95.08,4.92,10509,11154,17.138490990991,1158,48.511286525412,51.488713474588,1796,422,2218,80.97,19.03,3001,2433,568,81.07,18.93,72,"9",81,195.598264946966,193.472780375712,170.567679178272,178.34678863986,8.6,97.9,28.6,20,68.1,19690.7,20333.2,15358.2,1.1,-29.6,263.3,3.6,34.8,59.7,11.7,40,52,0.6,3.4,82.2,21.5,20.6,373,18.1,47.2,33,15,78.8,10.2,39.2,90.1,1.3,4.5,14.4,1296,63.8,43,6.91,4.6,32.3,45,25,31.4,34.6,"ITE45",2025,2674,2878,2997,3043,3193,3273,3404,3653,3962,3862,3850,3997,4197,4119,4385,4242,4346,4376,4269,4278,4393,25896,0.66,1729.25,1725,2450,2500,200,83.33,85,80,37.5,2.35,1.46,13.5,3.5,0.57,11.5,6,0.75,2.71,2,1.25,1.27,15,1.26,1.4,2.5,1.47,5,2,600,550,750,1250,1,1.5,10,5,5.5,19,80,2.5,3.4,1562.88,8.5,50,20,1.79,30,1.5,26.5,1.25,6.25,31500,31750,170,22.5,10
"Sud","Abruzzo","L'Aquila","AQ",12057,91.5,8.5,5745,6312,17.6238461538462,641,47.6486688230903,52.3513311769097,,,,,,,,,,,83,"6",89,200.882671451353,192.291762464233,176.348658814876,182.865877354785,9.3,98,25.6,18.9,69.7,21480.8,19573.5,17550.2,0.7,-18.1,219.1,2.8,42.7,63.9,16.4,36.4,42,1,2.5,82.8,37.6,23.6,447,18.5,56.1,15,9,75,10.1,59.1,114.5,0.5,5.7,19.1,4955,62.5,60.4,3.18,2.2,33.3,,29,31.6,36.5,"ITF11",2025,1687,1664,1765,1745,1924,1920,2041,2141,2228,2350,2300,2373,2570,2529,2545,2492,2534,2526,2509,2635,2690,15241,,1675,3500,4000,6000,446.67,76.67,101.25,86.67,33,2.15,1.81,16.25,6,0.48,10.57,6,1.31,3.58,1.78,2.03,1.04,12.17,1.25,1.43,2.32,1.67,3,1.8,662.5,1016.67,1000,1566.67,1.25,1.68,10,5,4,14,70,2.94,3.92,1692.5,9.25,62.5,,1.79,36.85,1.7,20,3,7.5,32100,24500,143.97,24.4,13.66
"Sud","Abruzzo","Teramo","TE",11574,92.07,7.93,5700,5874,17.5710752688172,638,49.2483151892172,50.7516848107828,1000,302,1302,76.8,23.2,1798,1394,404,77.53,22.47,50,"8",58,204.931080606601,198.090870138444,178.231903767047,181.207846010951,10,99.2,29.5,12.7,69.4,18782.9,18193.5,20332.5,0.7,-21.2,233.7,5.7,46.1,68.4,22.1,38.6,45,0.3,2.4,83.4,27.3,25.7,480,11.8,39,24,12,73.2,11.2,53.8,157.3,0.8,4.3,15,2089,65.6,66.2,6.67,10.7,19.1,,30.7,34.1,19.3,"ITF12",2025,1752,1920,1975,2020,2085,2151,2161,2380,2470,2465,2527,2563,2663,2660,2747,2698,2826,2798,2766,2942,2980,16777,-0.18,1400,1266.67,1433.33,4000,250,70,94,80,27.5,1.66,1.83,13.97,6.33,0.53,10.33,6,1.28,3.87,1.66,1.4,1.13,12.33,1.46,1.25,1.9,1.57,2.83,2.33,416.67,466.67,650,750,1.09,1.57,10,3,4,15.5,60,2.17,3.09,1550,7,56.67,15,1.72,15,1.75,21,1.1,4,31333.33,32434,178.87,27.08,8.5
"Sud","Abruzzo","Pescara","PE",15316,94.7,5.3,7637,7679,17.981975308642,778,49.8628884826325,50.1371115173675,1107,291,1398,79.18,20.82,2105,1692,413,80.38,19.62,39,"10",49,209.653665145006,202.642687263009,181.37242998607,184.386576078267,13.2,98.1,38.2,12.8,74.9,20526.9,19456.9,21065.3,1,-11.6,207.5,3.5,44.6,65.2,11.3,32.7,38.4,0.3,2.8,83.5,36.8,19.6,454,14.9,72.7,23,13,75.4,10.3,80.6,141.3,0.3,4.4,31.7,1551,55,34.4,7.21,8.7,39.4,,25.8,32.8,25.5,"ITF13",2025,1825,1857,2116,2223,2236,2294,2334,2442,2625,2654,2786,2772,2825,2951,2980,2945,3167,3078,3125,3061,3162,18356,-0.5,1495.58,1091.67,1266.67,14568,689.25,82.22,132.16,109.15,41.07,2,2.44,19.67,5,0.44,10.97,6,1.05,3.13,2,2.53,1.2,19,1.2,1.57,2.25,1.7,3.15,2.5,325,450,500,625,1.43,1.63,10.5,5.5,4,17.5,50,2.33,3.22,1400,8,60,26,1.76,40,2,29,1.5,4.1,29666.67,32434,220.97,27.47,10
"Sud","Abruzzo","Chieti","CH",15569,94.37,5.63,7548,8021,18.533488372093,813,48.4809557453915,51.5190442546085,1327,374,1701,78.01,21.99,2353,1801,552,76.54,23.46,71,"8",79,202.520964622991,197.649252639538,176.894116550962,183.35060585578,7.6,96.9,28.9,16.6,70.9,19441.8,20778.8,19934.9,0.8,-20.5,181.5,1.9,58.3,66.2,15.9,35.5,43,1.1,3.4,82.6,37.6,26.4,444,11.6,60.7,20,12,77.1,9.7,36.6,85,0.7,6.7,12.1,2861,73.7,92.1,6.35,5.5,8.9,,28.1,32.2,28.1,"ITF14",2025,2110,2209,2302,2473,2394,2472,2664,2830,2936,2979,3022,3045,3261,3293,3474,3416,3470,3481,3455,3462,3433,20758,0.06,1100,700,1200,7104,300,75,70,92.72,30,1,1.83,12,7,0.4,8,6,1.75,3.38,1.5,2.45,0.7,13.72,1.1,1.56,1,1.57,2,2,325,300,465,575,0.92,1.47,10,4,4.25,15,60,2.17,3.09,1316.67,10,50,10,1.81,30,1.4,21,1.1,4,31333.33,30000,135,27.08,8.5
"Sud","Molise","Campobasso","CB",9470,97.38,2.62,4459,5011,15.9260317460317,564,47.0855332629356,52.9144667370644,840,272,1112,75.54,24.46,1714,1346,368,78.53,21.47,58,"3",61,201.000538821566,194.623923037302,173.703918301156,178.47230846583,10.6,95.3,33.3,19.4,64.4,18929.5,18565.2,17655.5,1,-41.3,205.3,2.9,83.5,60.3,32.2,33.9,42.9,,3,82.7,28.6,25,387,20.7,88.7,18,11,74.9,10.6,41.4,117.8,0,7.8,11.9,859,63.4,50.7,4.24,3,12.2,48.1,26.7,29.4,36.3,"ITF22",2025,1138,1203,1191,1236,1284,1402,1363,1519,1501,1540,1578,1617,1634,1746,1816,1691,1870,1913,1933,1971,2030,11194,0.28,1200,1958.31,4102.8,9883.88,619.33,72.79,132.29,81.43,31.44,2.15,1.89,18.53,7,0.61,10.99,6,1.61,3.43,2.16,1.8,1.16,14.88,1.47,1.42,2.35,1.8,2.87,2.89,518.23,757.69,880.31,1346.92,1.23,1.75,12,5,5,18,66.5,3.15,3.18,1745.58,8,44.31,36.22,1.8,38,1.9,25.8,1.35,4,32400,31350,214.27,25.47,10.56
"Sud","Molise","Isernia","IS",2917,96.23,3.77,1432,1485,15.7276190476191,175,49.0915323962976,50.9084676037024,278,99,377,73.74,26.26,479,382,97,79.75,20.25,12,"1",13,199.920715233959,206.6781710464,176.841546943876,184.550034484371,13,94.5,28.8,14.3,69.9,19764.8,17133.2,19675.4,0.7,-36.5,149.4,7.5,111,62.3,33.6,39.1,49.9,,1.8,81.7,32,24.1,359,20.5,74.1,,,75,9.2,32.6,104,0.6,4.6,12.6,561,53.4,28.8,3.38,1.9,1022.1,47.5,25.6,22.8,41,"ITF21",2025,429,446,499,461,453,534,562,568,580,598,607,619,630,593,648,626,656,684,685,737,700,4036,0.1,,2704.06,3873.44,,150,100,243.33,88.75,43.33,1.9,1.36,16.75,8,0.34,10.6,6,1.48,3.74,2.2,1.63,1.07,13.8,1.38,1.47,2,2.08,2.45,2.25,731,951.38,1182.67,1541.67,1.25,1.83,14.45,6,4,20,85,2.38,3.35,1669.08,9,65.62,19.5,1.81,35,1.2,30,3,7,31500,32434,192.76,24,9.6
"Sud","Campania","Caserta","CE",49216,95.69,4.31,24378,24838,19.0669972451791,2515,49.5326723016905,50.4673276983095,3590,225,3815,94.1,5.9,5811,5300,511,91.21,8.79,124,"35",159,196.425664415177,197.826389886868,173.057785460694,180.40634952265,7.5,98.9,25.6,27.3,54.9,18595.8,16625.1,14683.1,1.2,-25.4,164,3.5,17.7,47.4,13.8,46,57,0.4,6,80.9,24.4,28.6,456,34.1,64.5,29,12,72.4,13.4,56.7,103.5,0.7,7.1,55.1,1434,56.7,28.1,10.47,4.3,18.3,,28.1,19.4,53.5,"ITF31",2025,7054,7513,7769,7300,7830,7779,8221,8381,8537,8641,8661,8858,9079,9445,9991,10003,10113,10302,10480,10554,11027,61443,1.39,1440,2273.33,3895.02,12000,500,70,140,80,29.75,2.5,2,17,6,0.54,10.75,6,1.18,3.95,2.35,1.57,1.5,15.5,1.32,1.68,2.75,1.77,1.98,2.88,690,833.6,1204,1407.5,1.39,1.9,11,6,4.5,20,84,3.31,3.34,1671.22,10.5,55.83,30,1.78,50,2,40,1.5,8,32416.67,32434,173.56,30.83,7.75
"Sud","Campania","Benevento","BN",12687,97.4,2.6,6210,6477,15.4709523809524,735,48.9477417829274,51.0522582170726,1160,183,1343,86.37,13.63,1828,1611,217,88.13,11.87,47,"12",59,190.577449666971,190.624987751243,172.355600581391,181.592982406128,12.4,97.1,26.2,26.8,62,18350.5,15983.1,15126.2,0.9,-40.3,194.1,3.4,237.6,55.8,14.6,37.6,46.6,0.4,5.2,82.2,29.9,24.7,366,21.4,61.5,26,17,71,12.7,20.2,163.6,0.5,7.6,11.8,1691,72.8,71.7,7.37,8.8,23.9,,23.5,23.3,46.5,"ITF32",2025,1620,1682,1810,1657,1819,1998,1907,2054,2061,2042,2007,2180,2143,2279,2320,2398,2420,2575,2574,2591,2714,14878,1.12,975,1917.45,3283.81,10400,716.67,89,117.33,93.43,31,2.43,1.93,15.5,7,0.67,10.36,6,1.6,3.79,2.79,2.2,2.03,13.38,1.97,2.22,2.75,2.05,4.11,3.37,588.33,727.5,858.67,1215.71,1.94,1.93,11.9,5.25,5,20,65,3.33,3.26,1742.01,8,45.67,36.67,1.83,38.5,1.5,30,1.65,7.75,31750,32434,194.47,27.5,8.89
"Sud","Campania","Napoli","NA",156547,97.21,2.79,76535,80012,19.5282590529248,7842,48.8894708937252,51.1105291062748,11096,1411,12507,88.72,11.28,20212,16506,3706,81.66,18.34,578,"82",660,185.944195174472,184.655496643241,162.557648862822,170.727645119358,7.5,99.7,24,29.2,53.3,18752.7,18405.9,16734.7,0.9,-28.7,135.8,1.9,10.9,45.4,6.9,49.1,61,1,3.8,81.1,36,24.9,495,35.8,78,31,20,74.3,15.6,197.9,124.4,0.4,3.8,110.1,2409,51.5,20.1,34.88,12.2,14.1,,32.2,22.2,51.6,"ITF33",2025,22909,23421,24553,24152,25073,26099,26589,27751,27768,28350,28749,29361,30892,31610,32376,33397,33795,34949,35168,35383,36296,205068,1.44,1623.94,1515.52,2294.48,6291.75,650,96.67,146.67,113.33,50,2.25,1.62,27,7,0.42,12,6.2,1.54,3.86,2.5,1.38,1.35,24,1.56,1.9,2.17,1.83,3.17,2.67,640,828.5,1430,1532.5,1.42,1.87,12,6,6,20,70,3,3.62,2163.56,10.5,41.67,22.4,1.79,40,2,35,2,5,31500,32434,195.5,27.4,12
"Sud","Campania","Avellino","AV",16418,97.11,2.89,7757,8661,13.8148039215686,1010,47.2469241076867,52.7530758923133,1672,249,1921,87.04,12.96,2567,2196,371,85.55,14.45,98,"18",116,191.521133469172,189.976746592092,170.562424013642,179.937102168914,11.1,95.7,28.4,18.7,68.9,18341.3,18030.5,15960.4,0.9,-37.6,274.9,3.8,123,56.6,12.7,35,45.7,0.5,5.8,82.4,25.5,26,365,26.7,62,26,18,74.4,13.6,21.1,109.1,0.6,5.8,9,1581,62.2,31.3,7.38,6.6,31.4,,25.1,25.1,48.3,"ITF34",2025,2442,2580,2615,2600,2655,2804,2916,3109,3108,2988,3094,3223,3323,3368,3571,3676,3740,3862,3905,3955,4155,22709,0.66,1364.42,2284,6365.33,6000,550,82.5,157.5,87.5,33.75,3.18,2.63,25.5,6,0.63,14.25,6,1.52,4.73,2.4,2,1.83,13,1.72,1.9,2.67,1.8,4.83,3.4,637.5,1126,1000,2390,1.75,1.97,11,6,4.75,20,87.5,3.13,3.15,1499.97,10,81.25,21.25,1.79,37,1.5,30,1.55,4,31500,32434,242,29.5,9.25
"Sud","Campania","Salerno","SA",51352,96,4,24664,26688,18.7631,2608,48.0292880510983,51.9707119489017,4185,427,4612,90.74,9.26,6413,5512,901,85.95,14.05,184,"29",213,186.62368062278,183.45658927291,161.185363535922,170.118271115846,9.3,96.4,25.7,22.5,62.4,18513,15845.7,17644.8,0.8,-29.9,173.6,4.4,28.4,52.7,12.1,42.4,54.1,0.3,4,82.1,29,24.9,433,26.2,69.6,20,11,69,11.7,71,134.8,0.7,3.1,28.3,1053,67.6,73.8,7.98,5.8,19.5,,25.9,24.5,43.1,"ITF35",2025,7298,7715,7822,7878,8182,8579,8566,8980,8999,9098,9421,9280,9764,9962,10043,10280,10499,10630,10737,11037,11267,63226,0.89,1466.67,1125,1500,6291.75,650,90,35,72.5,50,2.25,2.22,14.45,4.45,0.31,10.75,5,1.54,3.4,1.5,1.38,0.9,10.5,1.31,1.65,2.17,1.53,2.15,2.6,375,400,500,575,1.33,1.4,11,6,3,18,50,2.5,3.85,1875,10,51.67,22.5,1.78,,1.5,40,2.5,5,31500,32434,214,24,8
"Sud","Puglia","Foggia","FG",29388,96.69,3.31,14441,14947,17.174587628866,1588,49.1391043963523,50.8608956036477,2279,411,2690,84.72,15.28,4372,3461,911,79.16,20.84,277,"5",282,188.09300663801,188.133860493616,169.19828150831,174.323488836105,6.6,96.7,16.3,26.7,51.6,17949.9,16282.4,14554.2,1,-53.2,112.9,5.7,294.9,49.3,10.8,46.8,57.9,1.5,3.9,82.4,34,26.1,437,26.7,48.1,55,17,68.4,12.7,35.7,164.9,1,9.5,34.2,2304,44.1,11.5,4.04,1.9,9.4,,28.4,25.3,41.9,"ITF41",2025,3794,4259,4181,4218,4398,4535,4559,4824,5040,5179,5323,5344,5466,5628,5903,6150,6202,6189,6327,6520,6839,37291,1.71,1666.67,1948.09,4251.07,9000,524,85,92,100,33,2.73,2.44,22.2,8.5,0.3,10.98,6,1.28,4.13,2.5,1.83,1.73,16,1.61,2.2,3.45,2.15,3.95,2.75,606.67,868.33,1063.17,1705,1.35,1.93,12,5.5,5,16.5,75,2.9,3.37,1623.81,11,51.25,22.4,1.79,41.5,1.6,30,1.75,7.5,32750,32434,172.39,27.12,8.56
"Sud","Puglia","Bari","BA",59898,96.39,3.61,29579,30319,18.5444696969697,3107,49.3822832147985,50.6177167852015,3868,1103,4971,77.81,22.19,8218,6612,1606,80.46,19.54,136,"17",153,203.624568026716,200.216028117612,177.002628809228,183.182783178153,10.1,98.4,28,18.6,62,19877.1,19379.3,20029.4,0.7,-18.1,140,3.7,40.7,60.1,7.2,39.4,46.7,0.5,2.8,83.3,38.7,20.3,449,17.8,69.3,23,13,77.3,12,75.4,152.6,0.8,3.8,31.4,2808,63.6,70.4,9.74,4.3,9.6,,34.8,32.7,33,"ITF42",2025,7916,8398,8708,8708,8646,9163,9628,9954,10165,10213,10568,10600,10985,11470,11714,11613,11850,11961,12186,12392,12687,71716,0.32,1689.92,1297.8,2611.74,7500,625,110,110,97,40,2.58,1.56,21,7,0.37,12.4,5.75,1.52,3.4,2.19,2.62,2.62,16,1.55,2.25,2.88,1.63,4.38,2.8,604.67,750,1366.67,1370,1,1.75,11,4.5,4.8,11.75,80,2.62,3.03,1853.57,10,35.5,30,1.78,46.2,1.7,,,,31500,32434,188.73,23.4,7.71
